tag,model,generation,fail,pass,total,pass_pct,fail_pct
*special,gemma,gen_1,4.0,2.0,6.0,33.3,66.7
*special,gemma,gen_2,5.0,1.0,6.0,16.7,83.3
*special,gemma,gen_3,6.0,1.0,7.0,14.3,85.7
*special,human,soln1,2.0,6.0,8.0,75.0,25.0
*special,human,soln2,1.0,7.0,8.0,87.5,12.5
*special,llama,gen_1,5.0,3.0,8.0,37.5,62.5
*special,llama,gen_2,5.0,3.0,8.0,37.5,62.5
*special,llama,gen_3,6.0,2.0,8.0,25.0,75.0
*special,qwen,gen_1,7.0,1.0,8.0,12.5,87.5
*special,qwen,gen_2,7.0,1.0,8.0,12.5,87.5
*special,qwen,gen_3,6.0,1.0,7.0,14.3,85.7
2-sat,gemma,gen_1,2.0,0.0,2.0,0.0,100.0
2-sat,gemma,gen_2,2.0,0.0,2.0,0.0,100.0
2-sat,gemma,gen_3,2.0,0.0,2.0,0.0,100.0
2-sat,human,soln1,1.0,1.0,2.0,50.0,50.0
2-sat,human,soln2,1.0,1.0,2.0,50.0,50.0
2-sat,llama,gen_1,2.0,0.0,2.0,0.0,100.0
2-sat,llama,gen_2,2.0,0.0,2.0,0.0,100.0
2-sat,llama,gen_3,2.0,0.0,2.0,0.0,100.0
2-sat,qwen,gen_1,2.0,0.0,2.0,0.0,100.0
2-sat,qwen,gen_2,2.0,0.0,2.0,0.0,100.0
2-sat,qwen,gen_3,2.0,0.0,2.0,0.0,100.0
binary search,gemma,gen_1,41.0,10.0,51.0,19.6,80.4
binary search,gemma,gen_2,41.0,10.0,51.0,19.6,80.4
binary search,gemma,gen_3,42.0,11.0,53.0,20.8,79.2
binary search,human,soln1,15.0,42.0,57.0,73.7,26.3
binary search,human,soln2,15.0,42.0,57.0,73.7,26.3
binary search,llama,gen_1,47.0,10.0,57.0,17.5,82.5
binary search,llama,gen_2,43.0,9.0,52.0,17.3,82.7
binary search,llama,gen_3,44.0,13.0,57.0,22.8,77.2
binary search,qwen,gen_1,52.0,5.0,57.0,8.8,91.2
binary search,qwen,gen_2,48.0,7.0,55.0,12.7,87.3
binary search,qwen,gen_3,51.0,5.0,56.0,8.9,91.1
bitmasks,gemma,gen_1,20.0,7.0,27.0,25.9,74.1
bitmasks,gemma,gen_2,19.0,6.0,25.0,24.0,76.0
bitmasks,gemma,gen_3,21.0,5.0,26.0,19.2,80.8
bitmasks,human,soln1,6.0,22.0,28.0,78.6,21.4
bitmasks,human,soln2,6.0,22.0,28.0,78.6,21.4
bitmasks,llama,gen_1,23.0,5.0,28.0,17.9,82.1
bitmasks,llama,gen_2,19.0,7.0,26.0,26.9,73.1
bitmasks,llama,gen_3,20.0,7.0,27.0,25.9,74.1
bitmasks,qwen,gen_1,26.0,2.0,28.0,7.1,92.9
bitmasks,qwen,gen_2,25.0,3.0,28.0,10.7,89.3
bitmasks,qwen,gen_3,23.0,4.0,27.0,14.8,85.2
brute force,gemma,gen_1,62.0,22.0,84.0,26.2,73.8
brute force,gemma,gen_2,60.0,23.0,83.0,27.7,72.3
brute force,gemma,gen_3,57.0,24.0,81.0,29.6,70.4
brute force,human,soln1,27.0,67.0,94.0,71.3,28.7
brute force,human,soln2,21.0,73.0,94.0,77.7,22.3
brute force,llama,gen_1,74.0,20.0,94.0,21.3,78.7
brute force,llama,gen_2,67.0,22.0,89.0,24.7,75.3
brute force,llama,gen_3,67.0,27.0,94.0,28.7,71.3
brute force,qwen,gen_1,77.0,17.0,94.0,18.1,81.9
brute force,qwen,gen_2,73.0,20.0,93.0,21.5,78.5
brute force,qwen,gen_3,78.0,13.0,91.0,14.3,85.7
chinese remainder theorem,gemma,gen_1,1.0,1.0,2.0,50.0,50.0
chinese remainder theorem,gemma,gen_2,1.0,1.0,2.0,50.0,50.0
chinese remainder theorem,gemma,gen_3,1.0,1.0,2.0,50.0,50.0
chinese remainder theorem,human,soln1,1.0,1.0,2.0,50.0,50.0
chinese remainder theorem,human,soln2,1.0,1.0,2.0,50.0,50.0
chinese remainder theorem,llama,gen_1,2.0,0.0,2.0,0.0,100.0
chinese remainder theorem,llama,gen_2,2.0,0.0,2.0,0.0,100.0
chinese remainder theorem,llama,gen_3,2.0,0.0,2.0,0.0,100.0
chinese remainder theorem,qwen,gen_1,1.0,1.0,2.0,50.0,50.0
chinese remainder theorem,qwen,gen_2,1.0,1.0,2.0,50.0,50.0
chinese remainder theorem,qwen,gen_3,1.0,1.0,2.0,50.0,50.0
combinatorics,gemma,gen_1,21.0,2.0,23.0,8.7,91.3
combinatorics,gemma,gen_2,22.0,2.0,24.0,8.3,91.7
combinatorics,gemma,gen_3,23.0,2.0,25.0,8.0,92.0
combinatorics,human,soln1,6.0,21.0,27.0,77.8,22.2
combinatorics,human,soln2,9.0,18.0,27.0,66.7,33.3
combinatorics,llama,gen_1,25.0,2.0,27.0,7.4,92.6
combinatorics,llama,gen_2,25.0,2.0,27.0,7.4,92.6
combinatorics,llama,gen_3,23.0,3.0,26.0,11.5,88.5
combinatorics,qwen,gen_1,25.0,2.0,27.0,7.4,92.6
combinatorics,qwen,gen_2,24.0,2.0,26.0,7.7,92.3
combinatorics,qwen,gen_3,24.0,1.0,25.0,4.0,96.0
constructive algorithms,gemma,gen_1,62.0,5.0,67.0,7.5,92.5
constructive algorithms,gemma,gen_2,58.0,4.0,62.0,6.5,93.5
constructive algorithms,gemma,gen_3,65.0,4.0,69.0,5.8,94.2
constructive algorithms,human,soln1,49.0,36.0,85.0,42.4,57.6
constructive algorithms,human,soln2,53.0,32.0,85.0,37.6,62.4
constructive algorithms,llama,gen_1,77.0,8.0,85.0,9.4,90.6
constructive algorithms,llama,gen_2,71.0,8.0,79.0,10.1,89.9
constructive algorithms,llama,gen_3,77.0,8.0,85.0,9.4,90.6
constructive algorithms,qwen,gen_1,82.0,2.0,84.0,2.4,97.6
constructive algorithms,qwen,gen_2,78.0,3.0,81.0,3.7,96.3
constructive algorithms,qwen,gen_3,75.0,3.0,78.0,3.8,96.2
data structures,gemma,gen_1,58.0,17.0,75.0,22.7,77.3
data structures,gemma,gen_2,56.0,18.0,74.0,24.3,75.7
data structures,gemma,gen_3,55.0,20.0,75.0,26.7,73.3
data structures,human,soln1,26.0,55.0,81.0,67.9,32.1
data structures,human,soln2,26.0,55.0,81.0,67.9,32.1
data structures,llama,gen_1,66.0,14.0,80.0,17.5,82.5
data structures,llama,gen_2,62.0,11.0,73.0,15.1,84.9
data structures,llama,gen_3,66.0,14.0,80.0,17.5,82.5
data structures,qwen,gen_1,76.0,5.0,81.0,6.2,93.8
data structures,qwen,gen_2,66.0,11.0,77.0,14.3,85.7
data structures,qwen,gen_3,68.0,10.0,78.0,12.8,87.2
dfs and similar,gemma,gen_1,38.0,3.0,41.0,7.3,92.7
dfs and similar,gemma,gen_2,32.0,4.0,36.0,11.1,88.9
dfs and similar,gemma,gen_3,32.0,5.0,37.0,13.5,86.5
dfs and similar,human,soln1,24.0,24.0,48.0,50.0,50.0
dfs and similar,human,soln2,21.0,27.0,48.0,56.2,43.8
dfs and similar,llama,gen_1,46.0,2.0,48.0,4.2,95.8
dfs and similar,llama,gen_2,44.0,1.0,45.0,2.2,97.8
dfs and similar,llama,gen_3,43.0,4.0,47.0,8.5,91.5
dfs and similar,qwen,gen_1,46.0,2.0,48.0,4.2,95.8
dfs and similar,qwen,gen_2,42.0,5.0,47.0,10.6,89.4
dfs and similar,qwen,gen_3,42.0,4.0,46.0,8.7,91.3
divide and conquer,gemma,gen_1,10.0,5.0,15.0,33.3,66.7
divide and conquer,gemma,gen_2,10.0,5.0,15.0,33.3,66.7
divide and conquer,gemma,gen_3,10.0,4.0,14.0,28.6,71.4
divide and conquer,human,soln1,8.0,8.0,16.0,50.0,50.0
divide and conquer,human,soln2,8.0,8.0,16.0,50.0,50.0
divide and conquer,llama,gen_1,12.0,3.0,15.0,20.0,80.0
divide and conquer,llama,gen_2,13.0,2.0,15.0,13.3,86.7
divide and conquer,llama,gen_3,11.0,5.0,16.0,31.2,68.8
divide and conquer,qwen,gen_1,13.0,3.0,16.0,18.8,81.2
divide and conquer,qwen,gen_2,15.0,1.0,16.0,6.2,93.8
divide and conquer,qwen,gen_3,12.0,3.0,15.0,20.0,80.0
dp,gemma,gen_1,89.0,9.0,98.0,9.2,90.8
dp,gemma,gen_2,80.0,10.0,90.0,11.1,88.9
dp,gemma,gen_3,87.0,10.0,97.0,10.3,89.7
dp,human,soln1,29.0,85.0,114.0,74.6,25.4
dp,human,soln2,28.0,86.0,114.0,75.4,24.6
dp,llama,gen_1,104.0,10.0,114.0,8.8,91.2
dp,llama,gen_2,92.0,11.0,103.0,10.7,89.3
dp,llama,gen_3,100.0,11.0,111.0,9.9,90.1
dp,qwen,gen_1,109.0,5.0,114.0,4.4,95.6
dp,qwen,gen_2,106.0,6.0,112.0,5.4,94.6
dp,qwen,gen_3,100.0,5.0,105.0,4.8,95.2
dsu,gemma,gen_1,18.0,3.0,21.0,14.3,85.7
dsu,gemma,gen_2,15.0,3.0,18.0,16.7,83.3
dsu,gemma,gen_3,14.0,4.0,18.0,22.2,77.8
dsu,human,soln1,8.0,14.0,22.0,63.6,36.4
dsu,human,soln2,6.0,16.0,22.0,72.7,27.3
dsu,llama,gen_1,19.0,2.0,21.0,9.5,90.5
dsu,llama,gen_2,19.0,0.0,19.0,0.0,100.0
dsu,llama,gen_3,20.0,2.0,22.0,9.1,90.9
dsu,qwen,gen_1,20.0,2.0,22.0,9.1,90.9
dsu,qwen,gen_2,17.0,5.0,22.0,22.7,77.3
dsu,qwen,gen_3,20.0,2.0,22.0,9.1,90.9
expression parsing,gemma,gen_1,1.0,0.0,1.0,0.0,100.0
expression parsing,gemma,gen_2,1.0,0.0,1.0,0.0,100.0
expression parsing,gemma,gen_3,1.0,0.0,1.0,0.0,100.0
expression parsing,human,soln1,1.0,0.0,1.0,0.0,100.0
expression parsing,human,soln2,0.0,1.0,1.0,100.0,0.0
expression parsing,llama,gen_1,1.0,0.0,1.0,0.0,100.0
expression parsing,llama,gen_2,1.0,0.0,1.0,0.0,100.0
expression parsing,llama,gen_3,1.0,0.0,1.0,0.0,100.0
expression parsing,qwen,gen_1,1.0,0.0,1.0,0.0,100.0
expression parsing,qwen,gen_2,1.0,0.0,1.0,0.0,100.0
expression parsing,qwen,gen_3,1.0,0.0,1.0,0.0,100.0
fft,gemma,gen_1,5.0,2.0,7.0,28.6,71.4
fft,gemma,gen_2,5.0,2.0,7.0,28.6,71.4
fft,gemma,gen_3,5.0,1.0,6.0,16.7,83.3
fft,human,soln1,3.0,4.0,7.0,57.1,42.9
fft,human,soln2,2.0,5.0,7.0,71.4,28.6
fft,llama,gen_1,4.0,3.0,7.0,42.9,57.1
fft,llama,gen_2,6.0,1.0,7.0,14.3,85.7
fft,llama,gen_3,5.0,2.0,7.0,28.6,71.4
fft,qwen,gen_1,6.0,1.0,7.0,14.3,85.7
fft,qwen,gen_2,6.0,1.0,7.0,14.3,85.7
fft,qwen,gen_3,5.0,1.0,6.0,16.7,83.3
flows,gemma,gen_1,4.0,0.0,4.0,0.0,100.0
flows,gemma,gen_2,3.0,0.0,3.0,0.0,100.0
flows,gemma,gen_3,5.0,0.0,5.0,0.0,100.0
flows,human,soln1,2.0,3.0,5.0,60.0,40.0
flows,human,soln2,3.0,2.0,5.0,40.0,60.0
flows,llama,gen_1,5.0,0.0,5.0,0.0,100.0
flows,llama,gen_2,5.0,0.0,5.0,0.0,100.0
flows,llama,gen_3,5.0,0.0,5.0,0.0,100.0
flows,qwen,gen_1,5.0,0.0,5.0,0.0,100.0
flows,qwen,gen_2,5.0,0.0,5.0,0.0,100.0
flows,qwen,gen_3,4.0,0.0,4.0,0.0,100.0
games,gemma,gen_1,12.0,0.0,12.0,0.0,100.0
games,gemma,gen_2,10.0,1.0,11.0,9.1,90.9
games,gemma,gen_3,12.0,1.0,13.0,7.7,92.3
games,human,soln1,6.0,8.0,14.0,57.1,42.9
games,human,soln2,6.0,8.0,14.0,57.1,42.9
games,llama,gen_1,13.0,1.0,14.0,7.1,92.9
games,llama,gen_2,10.0,1.0,11.0,9.1,90.9
games,llama,gen_3,13.0,1.0,14.0,7.1,92.9
games,qwen,gen_1,14.0,0.0,14.0,0.0,100.0
games,qwen,gen_2,14.0,0.0,14.0,0.0,100.0
games,qwen,gen_3,13.0,1.0,14.0,7.1,92.9
geometry,gemma,gen_1,16.0,0.0,16.0,0.0,100.0
geometry,gemma,gen_2,17.0,0.0,17.0,0.0,100.0
geometry,gemma,gen_3,12.0,2.0,14.0,14.3,85.7
geometry,human,soln1,9.0,11.0,20.0,55.0,45.0
geometry,human,soln2,10.0,10.0,20.0,50.0,50.0
geometry,llama,gen_1,20.0,0.0,20.0,0.0,100.0
geometry,llama,gen_2,17.0,0.0,17.0,0.0,100.0
geometry,llama,gen_3,20.0,0.0,20.0,0.0,100.0
geometry,qwen,gen_1,20.0,0.0,20.0,0.0,100.0
geometry,qwen,gen_2,20.0,0.0,20.0,0.0,100.0
geometry,qwen,gen_3,19.0,0.0,19.0,0.0,100.0
graph matchings,gemma,gen_1,3.0,2.0,5.0,40.0,60.0
graph matchings,gemma,gen_2,1.0,2.0,3.0,66.7,33.3
graph matchings,gemma,gen_3,4.0,2.0,6.0,33.3,66.7
graph matchings,human,soln1,1.0,5.0,6.0,83.3,16.7
graph matchings,human,soln2,2.0,4.0,6.0,66.7,33.3
graph matchings,llama,gen_1,5.0,1.0,6.0,16.7,83.3
graph matchings,llama,gen_2,4.0,1.0,5.0,20.0,80.0
graph matchings,llama,gen_3,4.0,2.0,6.0,33.3,66.7
graph matchings,qwen,gen_1,5.0,1.0,6.0,16.7,83.3
graph matchings,qwen,gen_2,5.0,1.0,6.0,16.7,83.3
graph matchings,qwen,gen_3,3.0,2.0,5.0,40.0,60.0
graphs,gemma,gen_1,49.0,5.0,54.0,9.3,90.7
graphs,gemma,gen_2,48.0,5.0,53.0,9.4,90.6
graphs,gemma,gen_3,46.0,7.0,53.0,13.2,86.8
graphs,human,soln1,29.0,36.0,65.0,55.4,44.6
graphs,human,soln2,27.0,38.0,65.0,58.5,41.5
graphs,llama,gen_1,62.0,2.0,64.0,3.1,96.9
graphs,llama,gen_2,57.0,1.0,58.0,1.7,98.3
graphs,llama,gen_3,59.0,5.0,64.0,7.8,92.2
graphs,qwen,gen_1,63.0,2.0,65.0,3.1,96.9
graphs,qwen,gen_2,60.0,3.0,63.0,4.8,95.2
graphs,qwen,gen_3,57.0,4.0,61.0,6.6,93.4
greedy,gemma,gen_1,93.0,17.0,110.0,15.5,84.5
greedy,gemma,gen_2,100.0,16.0,116.0,13.8,86.2
greedy,gemma,gen_3,95.0,15.0,110.0,13.6,86.4
greedy,human,soln1,40.0,94.0,134.0,70.1,29.9
greedy,human,soln2,42.0,91.0,133.0,68.4,31.6
greedy,llama,gen_1,114.0,20.0,134.0,14.9,85.1
greedy,llama,gen_2,109.0,19.0,128.0,14.8,85.2
greedy,llama,gen_3,107.0,25.0,132.0,18.9,81.1
greedy,qwen,gen_1,124.0,10.0,134.0,7.5,92.5
greedy,qwen,gen_2,117.0,8.0,125.0,6.4,93.6
greedy,qwen,gen_3,106.0,17.0,123.0,13.8,86.2
hashing,gemma,gen_1,3.0,1.0,4.0,25.0,75.0
hashing,gemma,gen_2,2.0,1.0,3.0,33.3,66.7
hashing,gemma,gen_3,2.0,1.0,3.0,33.3,66.7
hashing,human,soln1,1.0,4.0,5.0,80.0,20.0
hashing,human,soln2,1.0,4.0,5.0,80.0,20.0
hashing,llama,gen_1,4.0,1.0,5.0,20.0,80.0
hashing,llama,gen_2,3.0,2.0,5.0,40.0,60.0
hashing,llama,gen_3,4.0,1.0,5.0,20.0,80.0
hashing,qwen,gen_1,4.0,1.0,5.0,20.0,80.0
hashing,qwen,gen_2,4.0,0.0,4.0,0.0,100.0
hashing,qwen,gen_3,4.0,1.0,5.0,20.0,80.0
implementation,gemma,gen_1,100.0,46.0,146.0,31.5,68.5
implementation,gemma,gen_2,97.0,43.0,140.0,30.7,69.3
implementation,gemma,gen_3,94.0,48.0,142.0,33.8,66.2
implementation,human,soln1,37.0,121.0,158.0,76.6,23.4
implementation,human,soln2,36.0,121.0,157.0,77.1,22.9
implementation,llama,gen_1,114.0,44.0,158.0,27.8,72.2
implementation,llama,gen_2,104.0,47.0,151.0,31.1,68.9
implementation,llama,gen_3,111.0,46.0,157.0,29.3,70.7
implementation,qwen,gen_1,122.0,36.0,158.0,22.8,77.2
implementation,qwen,gen_2,113.0,39.0,152.0,25.7,74.3
implementation,qwen,gen_3,111.0,41.0,152.0,27.0,73.0
interactive,gemma,gen_1,8.0,0.0,8.0,0.0,100.0
interactive,gemma,gen_2,8.0,0.0,8.0,0.0,100.0
interactive,gemma,gen_3,7.0,0.0,7.0,0.0,100.0
interactive,human,soln1,9.0,0.0,9.0,0.0,100.0
interactive,human,soln2,9.0,0.0,9.0,0.0,100.0
interactive,llama,gen_1,9.0,0.0,9.0,0.0,100.0
interactive,llama,gen_2,9.0,0.0,9.0,0.0,100.0
interactive,llama,gen_3,9.0,0.0,9.0,0.0,100.0
interactive,qwen,gen_1,9.0,0.0,9.0,0.0,100.0
interactive,qwen,gen_2,9.0,0.0,9.0,0.0,100.0
interactive,qwen,gen_3,9.0,0.0,9.0,0.0,100.0
math,gemma,gen_1,85.0,24.0,109.0,22.0,78.0
math,gemma,gen_2,89.0,21.0,110.0,19.1,80.9
math,gemma,gen_3,87.0,27.0,114.0,23.7,76.3
math,human,soln1,32.0,92.0,124.0,74.2,25.8
math,human,soln2,26.0,97.0,123.0,78.9,21.1
math,llama,gen_1,102.0,22.0,124.0,17.7,82.3
math,llama,gen_2,92.0,18.0,110.0,16.4,83.6
math,llama,gen_3,103.0,21.0,124.0,16.9,83.1
math,qwen,gen_1,111.0,13.0,124.0,10.5,89.5
math,qwen,gen_2,105.0,14.0,119.0,11.8,88.2
math,qwen,gen_3,104.0,17.0,121.0,14.0,86.0
matrices,gemma,gen_1,6.0,1.0,7.0,14.3,85.7
matrices,gemma,gen_2,4.0,0.0,4.0,0.0,100.0
matrices,gemma,gen_3,6.0,1.0,7.0,14.3,85.7
matrices,human,soln1,2.0,5.0,7.0,71.4,28.6
matrices,human,soln2,1.0,6.0,7.0,85.7,14.3
matrices,llama,gen_1,7.0,0.0,7.0,0.0,100.0
matrices,llama,gen_2,7.0,0.0,7.0,0.0,100.0
matrices,llama,gen_3,7.0,0.0,7.0,0.0,100.0
matrices,qwen,gen_1,7.0,0.0,7.0,0.0,100.0
matrices,qwen,gen_2,7.0,0.0,7.0,0.0,100.0
matrices,qwen,gen_3,7.0,0.0,7.0,0.0,100.0
meet-in-the-middle,gemma,gen_1,1.0,0.0,1.0,0.0,100.0
meet-in-the-middle,gemma,gen_2,1.0,0.0,1.0,0.0,100.0
meet-in-the-middle,gemma,gen_3,1.0,0.0,1.0,0.0,100.0
meet-in-the-middle,human,soln1,0.0,1.0,1.0,100.0,0.0
meet-in-the-middle,human,soln2,0.0,1.0,1.0,100.0,0.0
meet-in-the-middle,llama,gen_1,1.0,0.0,1.0,0.0,100.0
meet-in-the-middle,llama,gen_2,1.0,0.0,1.0,0.0,100.0
meet-in-the-middle,llama,gen_3,1.0,0.0,1.0,0.0,100.0
meet-in-the-middle,qwen,gen_1,1.0,0.0,1.0,0.0,100.0
meet-in-the-middle,qwen,gen_2,1.0,0.0,1.0,0.0,100.0
meet-in-the-middle,qwen,gen_3,1.0,0.0,1.0,0.0,100.0
number theory,gemma,gen_1,25.0,4.0,29.0,13.8,86.2
number theory,gemma,gen_2,26.0,3.0,29.0,10.3,89.7
number theory,gemma,gen_3,24.0,5.0,29.0,17.2,82.8
number theory,human,soln1,13.0,20.0,33.0,60.6,39.4
number theory,human,soln2,12.0,21.0,33.0,63.6,36.4
number theory,llama,gen_1,30.0,3.0,33.0,9.1,90.9
number theory,llama,gen_2,26.0,2.0,28.0,7.1,92.9
number theory,llama,gen_3,29.0,4.0,33.0,12.1,87.9
number theory,qwen,gen_1,29.0,4.0,33.0,12.1,87.9
number theory,qwen,gen_2,29.0,3.0,32.0,9.4,90.6
number theory,qwen,gen_3,29.0,2.0,31.0,6.5,93.5
probabilities,gemma,gen_1,10.0,1.0,11.0,9.1,90.9
probabilities,gemma,gen_2,9.0,1.0,10.0,10.0,90.0
probabilities,gemma,gen_3,9.0,1.0,10.0,10.0,90.0
probabilities,human,soln1,10.0,4.0,14.0,28.6,71.4
probabilities,human,soln2,8.0,6.0,14.0,42.9,57.1
probabilities,llama,gen_1,14.0,0.0,14.0,0.0,100.0
probabilities,llama,gen_2,12.0,1.0,13.0,7.7,92.3
probabilities,llama,gen_3,13.0,1.0,14.0,7.1,92.9
probabilities,qwen,gen_1,14.0,0.0,14.0,0.0,100.0
probabilities,qwen,gen_2,12.0,1.0,13.0,7.7,92.3
probabilities,qwen,gen_3,14.0,0.0,14.0,0.0,100.0
shortest paths,gemma,gen_1,11.0,1.0,12.0,8.3,91.7
shortest paths,gemma,gen_2,12.0,0.0,12.0,0.0,100.0
shortest paths,gemma,gen_3,11.0,2.0,13.0,15.4,84.6
shortest paths,human,soln1,3.0,11.0,14.0,78.6,21.4
shortest paths,human,soln2,5.0,9.0,14.0,64.3,35.7
shortest paths,llama,gen_1,12.0,2.0,14.0,14.3,85.7
shortest paths,llama,gen_2,10.0,2.0,12.0,16.7,83.3
shortest paths,llama,gen_3,13.0,1.0,14.0,7.1,92.9
shortest paths,qwen,gen_1,14.0,0.0,14.0,0.0,100.0
shortest paths,qwen,gen_2,11.0,2.0,13.0,15.4,84.6
shortest paths,qwen,gen_3,13.0,1.0,14.0,7.1,92.9
sortings,gemma,gen_1,40.0,14.0,54.0,25.9,74.1
sortings,gemma,gen_2,42.0,11.0,53.0,20.8,79.2
sortings,gemma,gen_3,41.0,14.0,55.0,25.5,74.5
sortings,human,soln1,16.0,45.0,61.0,73.8,26.2
sortings,human,soln2,15.0,46.0,61.0,75.4,24.6
sortings,llama,gen_1,44.0,17.0,61.0,27.9,72.1
sortings,llama,gen_2,40.0,17.0,57.0,29.8,70.2
sortings,llama,gen_3,43.0,17.0,60.0,28.3,71.7
sortings,qwen,gen_1,51.0,10.0,61.0,16.4,83.6
sortings,qwen,gen_2,49.0,12.0,61.0,19.7,80.3
sortings,qwen,gen_3,47.0,12.0,59.0,20.3,79.7
string suffix structures,gemma,gen_1,3.0,1.0,4.0,25.0,75.0
string suffix structures,gemma,gen_2,2.0,1.0,3.0,33.3,66.7
string suffix structures,gemma,gen_3,3.0,1.0,4.0,25.0,75.0
string suffix structures,human,soln1,1.0,4.0,5.0,80.0,20.0
string suffix structures,human,soln2,0.0,5.0,5.0,100.0,0.0
string suffix structures,llama,gen_1,4.0,1.0,5.0,20.0,80.0
string suffix structures,llama,gen_2,4.0,1.0,5.0,20.0,80.0
string suffix structures,llama,gen_3,4.0,1.0,5.0,20.0,80.0
string suffix structures,qwen,gen_1,5.0,0.0,5.0,0.0,100.0
string suffix structures,qwen,gen_2,4.0,0.0,4.0,0.0,100.0
string suffix structures,qwen,gen_3,5.0,0.0,5.0,0.0,100.0
strings,gemma,gen_1,25.0,9.0,34.0,26.5,73.5
strings,gemma,gen_2,24.0,10.0,34.0,29.4,70.6
strings,gemma,gen_3,20.0,11.0,31.0,35.5,64.5
strings,human,soln1,12.0,26.0,38.0,68.4,31.6
strings,human,soln2,4.0,34.0,38.0,89.5,10.5
strings,llama,gen_1,26.0,12.0,38.0,31.6,68.4
strings,llama,gen_2,26.0,12.0,38.0,31.6,68.4
strings,llama,gen_3,24.0,14.0,38.0,36.8,63.2
strings,qwen,gen_1,29.0,9.0,38.0,23.7,76.3
strings,qwen,gen_2,29.0,8.0,37.0,21.6,78.4
strings,qwen,gen_3,25.0,11.0,36.0,30.6,69.4
ternary search,gemma,gen_1,4.0,1.0,5.0,20.0,80.0
ternary search,gemma,gen_2,4.0,1.0,5.0,20.0,80.0
ternary search,gemma,gen_3,3.0,1.0,4.0,25.0,75.0
ternary search,human,soln1,3.0,3.0,6.0,50.0,50.0
ternary search,human,soln2,3.0,3.0,6.0,50.0,50.0
ternary search,llama,gen_1,5.0,1.0,6.0,16.7,83.3
ternary search,llama,gen_2,5.0,1.0,6.0,16.7,83.3
ternary search,llama,gen_3,5.0,1.0,6.0,16.7,83.3
ternary search,qwen,gen_1,6.0,0.0,6.0,0.0,100.0
ternary search,qwen,gen_2,5.0,1.0,6.0,16.7,83.3
ternary search,qwen,gen_3,5.0,0.0,5.0,0.0,100.0
trees,gemma,gen_1,32.0,3.0,35.0,8.6,91.4
trees,gemma,gen_2,31.0,3.0,34.0,8.8,91.2
trees,gemma,gen_3,28.0,5.0,33.0,15.2,84.8
trees,human,soln1,17.0,23.0,40.0,57.5,42.5
trees,human,soln2,14.0,26.0,40.0,65.0,35.0
trees,llama,gen_1,39.0,1.0,40.0,2.5,97.5
trees,llama,gen_2,35.0,1.0,36.0,2.8,97.2
trees,llama,gen_3,36.0,3.0,39.0,7.7,92.3
trees,qwen,gen_1,38.0,2.0,40.0,5.0,95.0
trees,qwen,gen_2,39.0,1.0,40.0,2.5,97.5
trees,qwen,gen_3,35.0,4.0,39.0,10.3,89.7
two pointers,gemma,gen_1,20.0,5.0,25.0,20.0,80.0
two pointers,gemma,gen_2,19.0,5.0,24.0,20.8,79.2
two pointers,gemma,gen_3,19.0,5.0,24.0,20.8,79.2
two pointers,human,soln1,9.0,19.0,28.0,67.9,32.1
two pointers,human,soln2,6.0,22.0,28.0,78.6,21.4
two pointers,llama,gen_1,23.0,5.0,28.0,17.9,82.1
two pointers,llama,gen_2,20.0,4.0,24.0,16.7,83.3
two pointers,llama,gen_3,23.0,5.0,28.0,17.9,82.1
two pointers,qwen,gen_1,24.0,4.0,28.0,14.3,85.7
two pointers,qwen,gen_2,22.0,6.0,28.0,21.4,78.6
two pointers,qwen,gen_3,22.0,4.0,26.0,15.4,84.6
