model,gen,tag,compiled_count,total_files,compile_rate,has_tests_count,cppcheck_errors,cppcheck_warnings,cppcheck_cwe_count,clang_warnings,clang_errors
gemma,gen_1,*special,6,6,1.0,6,0,0,0,23,0
gemma,gen_1,2-sat,2,2,1.0,2,0,0,2,16,0
gemma,gen_1,binary search,47,51,0.9215686274509803,45,0,2,35,277,4
gemma,gen_1,bitmasks,26,27,0.9629629629629629,24,0,0,18,156,4
gemma,gen_1,brute force,81,84,0.9642857142857143,77,0,1,43,443,6
gemma,gen_1,chinese remainder theorem,2,2,1.0,2,0,0,0,4,0
gemma,gen_1,combinatorics,18,23,0.782608695652174,16,0,2,17,154,5
gemma,gen_1,constructive algorithms,64,67,0.9552238805970149,61,0,0,47,733,9
gemma,gen_1,data structures,65,75,0.8666666666666667,58,0,3,49,352,22
gemma,gen_1,dfs and similar,26,41,0.6341463414634146,24,0,0,35,339,33
gemma,gen_1,divide and conquer,14,15,0.9333333333333333,13,0,0,9,69,1
gemma,gen_1,dp,83,98,0.8469387755102041,76,0,3,62,657,29
gemma,gen_1,dsu,14,21,0.6666666666666666,12,0,0,20,168,18
gemma,gen_1,expression parsing,1,1,1.0,1,0,0,1,21,0
gemma,gen_1,fft,7,7,1.0,6,0,0,5,48,0
gemma,gen_1,flows,3,4,0.75,3,0,0,3,21,1
gemma,gen_1,games,12,12,1.0,9,0,6,9,125,0
gemma,gen_1,geometry,16,16,1.0,14,0,0,6,94,0
gemma,gen_1,graph matchings,4,5,0.8,4,0,0,1,21,1
gemma,gen_1,graphs,34,54,0.6296296296296297,31,0,2,49,487,37
gemma,gen_1,greedy,97,110,0.8818181818181818,86,1,5,63,656,29
gemma,gen_1,hashing,3,4,0.75,3,0,0,0,18,1
gemma,gen_1,implementation,139,146,0.952054794520548,132,1,3,79,818,6
gemma,gen_1,interactive,8,8,1.0,7,0,0,6,87,0
gemma,gen_1,math,103,109,0.944954128440367,95,0,2,48,666,6
gemma,gen_1,matrices,6,7,0.8571428571428571,6,0,0,8,42,1
gemma,gen_1,meet-in-the-middle,1,1,1.0,1,0,0,1,5,0
gemma,gen_1,number theory,27,29,0.9310344827586207,24,0,0,15,181,2
gemma,gen_1,probabilities,9,11,0.8181818181818182,9,0,0,5,63,2
gemma,gen_1,shortest paths,8,12,0.6666666666666666,8,0,0,11,120,5
gemma,gen_1,sortings,49,54,0.9074074074074074,46,0,5,27,226,13
gemma,gen_1,string suffix structures,4,4,1.0,4,0,0,2,12,0
gemma,gen_1,strings,33,34,0.9705882352941176,32,0,0,13,195,1
gemma,gen_1,ternary search,3,5,0.6,3,0,0,3,28,10
gemma,gen_1,trees,21,35,0.6,21,0,0,28,320,32
gemma,gen_1,two pointers,23,25,0.92,22,0,2,14,148,3
gemma,gen_2,*special,6,6,1.0,6,0,0,0,20,0
gemma,gen_2,2-sat,2,2,1.0,2,0,0,1,10,0
gemma,gen_2,binary search,48,51,0.9411764705882353,46,0,0,25,267,3
gemma,gen_2,bitmasks,23,25,0.92,22,0,0,17,151,6
gemma,gen_2,brute force,81,83,0.9759036144578314,77,0,1,40,528,6
gemma,gen_2,chinese remainder theorem,2,2,1.0,2,0,0,0,4,0
gemma,gen_2,combinatorics,20,24,0.8333333333333334,18,0,0,19,176,4
gemma,gen_2,constructive algorithms,59,62,0.9516129032258065,56,0,0,37,711,9
gemma,gen_2,data structures,65,74,0.8783783783783784,58,0,0,50,349,17
gemma,gen_2,dfs and similar,21,36,0.5833333333333334,20,0,0,32,319,29
gemma,gen_2,divide and conquer,14,15,0.9333333333333333,13,0,0,13,77,1
gemma,gen_2,dp,70,90,0.7777777777777778,64,1,3,60,583,28
gemma,gen_2,dsu,14,18,0.7777777777777778,13,0,0,14,145,14
gemma,gen_2,expression parsing,0,1,0.0,0,0,0,0,21,1
gemma,gen_2,fft,7,7,1.0,6,0,0,4,53,0
gemma,gen_2,flows,3,3,1.0,3,0,0,3,22,0
gemma,gen_2,games,11,11,1.0,8,0,6,8,118,0
gemma,gen_2,geometry,17,17,1.0,15,0,0,6,102,1
gemma,gen_2,graph matchings,3,3,1.0,3,0,0,1,14,0
gemma,gen_2,graphs,40,53,0.7547169811320755,39,1,0,50,502,28
gemma,gen_2,greedy,105,116,0.9051724137931034,93,0,7,74,776,25
gemma,gen_2,hashing,3,3,1.0,3,0,0,0,9,0
gemma,gen_2,implementation,135,140,0.9642857142857143,128,0,1,75,796,16
gemma,gen_2,interactive,8,8,1.0,7,0,0,5,84,0
gemma,gen_2,math,104,110,0.9454545454545454,95,0,2,55,718,6
gemma,gen_2,matrices,4,4,1.0,4,0,0,4,16,0
gemma,gen_2,meet-in-the-middle,1,1,1.0,1,0,0,1,8,0
gemma,gen_2,number theory,27,29,0.9310344827586207,25,0,0,8,217,2
gemma,gen_2,probabilities,7,10,0.7,7,0,0,7,65,3
gemma,gen_2,shortest paths,10,12,0.8333333333333334,10,1,0,13,109,3
gemma,gen_2,sortings,47,53,0.8867924528301887,44,0,5,30,255,12
gemma,gen_2,string suffix structures,3,3,1.0,3,0,0,1,6,0
gemma,gen_2,strings,31,34,0.9117647058823529,30,0,0,17,188,3
gemma,gen_2,ternary search,4,5,0.8,4,0,0,2,20,7
gemma,gen_2,trees,22,34,0.6470588235294118,22,0,0,32,305,26
gemma,gen_2,two pointers,23,24,0.9583333333333334,22,0,0,11,119,1
gemma,gen_3,*special,7,7,1.0,7,0,0,2,47,0
gemma,gen_3,2-sat,2,2,1.0,2,0,0,1,12,0
gemma,gen_3,binary search,50,53,0.9433962264150944,48,0,0,29,275,7
gemma,gen_3,bitmasks,25,26,0.9615384615384616,23,0,0,12,128,2
gemma,gen_3,brute force,77,81,0.9506172839506173,74,0,1,34,433,5
gemma,gen_3,chinese remainder theorem,2,2,1.0,2,0,0,0,7,0
gemma,gen_3,combinatorics,20,25,0.8,18,0,0,18,167,6
gemma,gen_3,constructive algorithms,67,69,0.9710144927536232,63,0,0,40,858,8
gemma,gen_3,data structures,67,75,0.8933333333333333,60,0,0,44,373,16
gemma,gen_3,dfs and similar,23,37,0.6216216216216216,22,0,0,31,350,30
gemma,gen_3,divide and conquer,13,14,0.9285714285714286,12,0,0,6,88,1
gemma,gen_3,dp,81,97,0.8350515463917526,75,0,2,64,697,28
gemma,gen_3,dsu,13,18,0.7222222222222222,13,0,0,19,201,17
gemma,gen_3,expression parsing,1,1,1.0,1,0,0,2,17,0
gemma,gen_3,fft,6,6,1.0,5,0,0,4,43,0
gemma,gen_3,flows,4,5,0.8,4,0,0,3,47,1
gemma,gen_3,games,12,13,0.9230769230769231,9,0,7,9,111,1
gemma,gen_3,geometry,14,14,1.0,13,0,0,4,72,0
gemma,gen_3,graph matchings,5,6,0.8333333333333334,5,0,0,3,45,1
gemma,gen_3,graphs,37,53,0.6981132075471698,35,0,0,48,537,35
gemma,gen_3,greedy,97,110,0.8818181818181818,88,0,10,59,669,25
gemma,gen_3,hashing,3,3,1.0,3,0,0,0,9,0
gemma,gen_3,implementation,137,142,0.9647887323943662,130,0,2,67,777,4
gemma,gen_3,interactive,7,7,1.0,6,0,0,4,95,0
gemma,gen_3,math,109,114,0.956140350877193,99,0,1,56,752,5
gemma,gen_3,matrices,7,7,1.0,7,0,0,6,62,0
gemma,gen_3,meet-in-the-middle,1,1,1.0,1,0,0,1,8,0
gemma,gen_3,number theory,27,29,0.9310344827586207,24,0,0,11,264,2
gemma,gen_3,probabilities,8,10,0.8,8,0,0,5,83,2
gemma,gen_3,shortest paths,10,13,0.7692307692307693,9,0,0,13,123,6
gemma,gen_3,sortings,49,55,0.8909090909090909,45,0,7,34,254,12
gemma,gen_3,string suffix structures,4,4,1.0,4,0,0,1,21,0
gemma,gen_3,strings,31,31,1.0,31,0,0,9,178,0
gemma,gen_3,ternary search,3,4,0.75,3,0,0,1,15,7
gemma,gen_3,trees,23,33,0.696969696969697,23,0,0,29,290,28
gemma,gen_3,two pointers,23,24,0.9583333333333334,22,0,0,13,113,1
human,soln1,*special,7,8,0.875,7,1,2,4,43,2
human,soln1,2-sat,2,2,1.0,2,0,0,1,18,1
human,soln1,binary search,56,57,0.9824561403508771,53,4,11,41,649,3
human,soln1,bitmasks,28,28,1.0,26,0,7,15,265,0
human,soln1,brute force,91,94,0.9680851063829787,87,5,20,61,698,11
human,soln1,chinese remainder theorem,2,2,1.0,2,0,1,2,30,1
human,soln1,combinatorics,27,27,1.0,23,2,4,21,295,0
human,soln1,constructive algorithms,85,85,1.0,81,2,14,59,695,1
human,soln1,data structures,79,81,0.9753086419753086,72,2,16,62,990,23
human,soln1,dfs and similar,43,48,0.8958333333333334,39,0,9,26,533,31
human,soln1,divide and conquer,16,16,1.0,14,0,0,13,190,0
human,soln1,dp,110,114,0.9649122807017544,102,5,21,70,1115,42
human,soln1,dsu,21,22,0.9545454545454546,19,0,4,15,259,2
human,soln1,expression parsing,1,1,1.0,1,0,0,0,6,0
human,soln1,fft,7,7,1.0,6,0,4,5,77,1
human,soln1,flows,5,5,1.0,5,0,2,4,98,1
human,soln1,games,14,14,1.0,11,0,3,5,96,1
human,soln1,geometry,20,20,1.0,18,3,3,15,213,0
human,soln1,graph matchings,6,6,1.0,6,0,2,1,62,0
human,soln1,graphs,60,65,0.9230769230769231,55,0,10,42,787,40
human,soln1,greedy,133,134,0.9925373134328358,121,7,27,88,1010,4
human,soln1,hashing,5,5,1.0,5,0,2,7,76,2
human,soln1,implementation,154,158,0.9746835443037974,146,8,28,96,1102,25
human,soln1,interactive,9,9,1.0,7,1,2,9,166,0
human,soln1,math,123,124,0.9919354838709677,112,6,11,81,958,9
human,soln1,matrices,7,7,1.0,7,1,2,9,157,0
human,soln1,meet-in-the-middle,1,1,1.0,1,0,0,0,9,0
human,soln1,number theory,32,33,0.9696969696969697,28,1,4,23,316,6
human,soln1,probabilities,14,14,1.0,13,3,0,9,223,0
human,soln1,shortest paths,14,14,1.0,13,0,0,8,196,0
human,soln1,sortings,61,61,1.0,57,2,7,33,389,0
human,soln1,string suffix structures,5,5,1.0,5,0,5,10,84,2
human,soln1,strings,33,38,0.868421052631579,31,0,19,35,292,18
human,soln1,ternary search,6,6,1.0,6,0,1,3,47,0
human,soln1,trees,38,40,0.95,37,0,6,30,538,20
human,soln1,two pointers,26,28,0.9285714285714286,25,0,7,17,279,6
human,soln2,*special,8,8,1.0,8,0,0,4,46,1
human,soln2,2-sat,2,2,1.0,2,0,0,0,20,0
human,soln2,binary search,56,57,0.9824561403508771,53,3,13,40,668,8
human,soln2,bitmasks,28,28,1.0,26,0,8,13,248,0
human,soln2,brute force,93,94,0.9893617021276596,89,3,16,65,699,3
human,soln2,chinese remainder theorem,2,2,1.0,2,0,0,1,12,0
human,soln2,combinatorics,26,27,0.9629629629629629,22,2,4,20,259,2
human,soln2,constructive algorithms,84,85,0.9882352941176471,80,1,18,63,714,9
human,soln2,data structures,79,81,0.9753086419753086,72,3,18,56,882,31
human,soln2,dfs and similar,47,48,0.9791666666666666,43,1,5,34,481,20
human,soln2,divide and conquer,16,16,1.0,14,0,4,13,205,0
human,soln2,dp,111,114,0.9736842105263158,103,3,24,67,1115,33
human,soln2,dsu,21,22,0.9545454545454546,19,1,2,11,228,14
human,soln2,expression parsing,1,1,1.0,1,0,0,0,9,0
human,soln2,fft,7,7,1.0,6,1,3,5,116,0
human,soln2,flows,5,5,1.0,5,0,2,3,68,0
human,soln2,games,14,14,1.0,11,0,3,7,110,0
human,soln2,geometry,20,20,1.0,18,1,6,18,330,10
human,soln2,graph matchings,6,6,1.0,6,0,2,4,82,0
human,soln2,graphs,63,65,0.9692307692307692,58,1,15,45,760,24
human,soln2,greedy,130,133,0.9774436090225563,118,1,17,82,1019,31
human,soln2,hashing,5,5,1.0,5,1,2,7,59,0
human,soln2,implementation,157,157,1.0,149,2,16,83,1066,1
human,soln2,interactive,9,9,1.0,8,0,3,8,119,1
human,soln2,math,122,123,0.991869918699187,112,3,19,60,937,20
human,soln2,matrices,7,7,1.0,7,0,2,7,69,0
human,soln2,meet-in-the-middle,1,1,1.0,1,0,1,1,7,0
human,soln2,number theory,32,33,0.9696969696969697,29,9,17,23,344,2
human,soln2,probabilities,14,14,1.0,13,0,0,10,182,8
human,soln2,shortest paths,14,14,1.0,13,0,5,9,187,0
human,soln2,sortings,61,61,1.0,57,2,5,41,506,0
human,soln2,string suffix structures,5,5,1.0,5,1,5,8,66,0
human,soln2,strings,38,38,1.0,36,1,15,38,301,0
human,soln2,ternary search,6,6,1.0,6,0,1,4,161,5
human,soln2,trees,38,40,0.95,37,2,8,31,531,31
human,soln2,two pointers,28,28,1.0,27,1,8,24,251,0
llama,gen_1,*special,7,8,0.875,7,0,0,1,24,1
llama,gen_1,2-sat,2,2,1.0,2,0,0,0,10,0
llama,gen_1,binary search,53,57,0.9298245614035088,51,1,1,21,230,9
llama,gen_1,bitmasks,25,28,0.8928571428571429,23,0,3,12,146,5
llama,gen_1,brute force,85,94,0.9042553191489362,82,0,2,29,430,18
llama,gen_1,chinese remainder theorem,2,2,1.0,2,0,0,0,5,0
llama,gen_1,combinatorics,25,27,0.9259259259259259,22,0,1,12,128,2
llama,gen_1,constructive algorithms,78,85,0.9176470588235294,74,3,6,41,439,19
llama,gen_1,data structures,75,80,0.9375,68,1,1,37,354,9
llama,gen_1,dfs and similar,36,48,0.75,34,2,5,29,305,28
llama,gen_1,divide and conquer,13,15,0.8666666666666667,11,0,0,7,75,6
llama,gen_1,dp,99,114,0.868421052631579,92,0,5,51,561,31
llama,gen_1,dsu,17,21,0.8095238095238095,15,2,1,12,115,13
llama,gen_1,expression parsing,0,1,0.0,0,0,0,0,4,4
llama,gen_1,fft,7,7,1.0,6,0,0,3,30,0
llama,gen_1,flows,5,5,1.0,5,0,0,2,18,0
llama,gen_1,games,12,14,0.8571428571428571,9,0,4,10,68,5
llama,gen_1,geometry,17,20,0.85,15,0,0,10,133,7
llama,gen_1,graph matchings,6,6,1.0,6,1,0,2,27,0
llama,gen_1,graphs,48,64,0.75,44,3,11,45,403,36
llama,gen_1,greedy,127,134,0.9477611940298507,116,4,2,51,547,19
llama,gen_1,hashing,5,5,1.0,5,0,0,1,21,0
llama,gen_1,implementation,154,158,0.9746835443037974,147,2,6,61,659,20
llama,gen_1,interactive,6,9,0.6666666666666666,5,0,2,6,69,8
llama,gen_1,math,120,124,0.967741935483871,110,3,1,43,592,9
llama,gen_1,matrices,6,7,0.8571428571428571,6,2,0,5,39,1
llama,gen_1,meet-in-the-middle,1,1,1.0,1,0,0,0,3,0
llama,gen_1,number theory,31,33,0.9393939393939394,28,1,0,10,158,3
llama,gen_1,probabilities,12,14,0.8571428571428571,12,0,0,4,98,2
llama,gen_1,shortest paths,11,14,0.7857142857142857,10,0,5,7,116,8
llama,gen_1,sortings,56,61,0.9180327868852459,53,1,1,20,249,15
llama,gen_1,string suffix structures,3,5,0.6,3,0,1,2,26,1
llama,gen_1,strings,34,38,0.8947368421052632,33,1,1,16,149,7
llama,gen_1,ternary search,5,6,0.8333333333333334,5,0,0,2,24,5
llama,gen_1,trees,32,40,0.8,32,1,4,21,277,14
llama,gen_1,two pointers,26,28,0.9285714285714286,25,1,0,11,120,2
llama,gen_2,*special,8,8,1.0,8,0,0,3,27,0
llama,gen_2,2-sat,1,2,0.5,1,0,0,1,14,10
llama,gen_2,binary search,47,52,0.9038461538461539,45,1,0,18,204,16
llama,gen_2,bitmasks,25,26,0.9615384615384616,24,1,0,7,114,2
llama,gen_2,brute force,84,89,0.9438202247191011,82,1,1,31,399,28
llama,gen_2,chinese remainder theorem,1,2,0.5,1,0,0,1,13,1
llama,gen_2,combinatorics,24,27,0.8888888888888888,21,0,0,4,100,5
llama,gen_2,constructive algorithms,76,79,0.9620253164556962,73,2,4,33,405,3
llama,gen_2,data structures,62,73,0.8493150684931506,56,4,3,31,337,31
llama,gen_2,dfs and similar,38,45,0.8444444444444444,35,3,1,23,270,16
llama,gen_2,divide and conquer,12,15,0.8,11,1,0,5,70,3
llama,gen_2,dp,90,103,0.8737864077669902,85,10,1,35,496,30
llama,gen_2,dsu,15,19,0.7894736842105263,14,3,0,12,137,21
llama,gen_2,expression parsing,1,1,1.0,1,0,0,0,1,0
llama,gen_2,fft,7,7,1.0,6,0,0,2,29,0
llama,gen_2,flows,5,5,1.0,5,0,0,3,32,0
llama,gen_2,games,10,11,0.9090909090909091,8,1,0,4,52,1
llama,gen_2,geometry,15,17,0.8823529411764706,14,0,0,10,142,16
llama,gen_2,graph matchings,5,5,1.0,5,0,0,2,26,0
llama,gen_2,graphs,44,58,0.7586206896551724,43,5,5,35,344,39
llama,gen_2,greedy,122,128,0.953125,111,9,7,46,541,30
llama,gen_2,hashing,4,5,0.8,4,0,0,2,20,3
llama,gen_2,implementation,143,151,0.9470198675496688,136,3,5,48,574,27
llama,gen_2,interactive,8,9,0.8888888888888888,7,1,0,4,58,6
llama,gen_2,math,108,110,0.9818181818181818,101,2,1,35,492,9
llama,gen_2,matrices,6,7,0.8571428571428571,6,0,0,7,42,2
llama,gen_2,meet-in-the-middle,1,1,1.0,1,0,0,0,7,0
llama,gen_2,number theory,24,28,0.8571428571428571,23,5,0,8,134,14
llama,gen_2,probabilities,10,13,0.7692307692307693,10,1,0,8,88,7
llama,gen_2,shortest paths,10,12,0.8333333333333334,10,2,4,9,89,9
llama,gen_2,sortings,52,57,0.9122807017543859,50,0,0,24,239,9
llama,gen_2,string suffix structures,5,5,1.0,5,0,0,2,23,0
llama,gen_2,strings,36,38,0.9473684210526315,35,0,1,17,132,3
llama,gen_2,ternary search,6,6,1.0,6,0,0,2,35,0
llama,gen_2,trees,26,36,0.7222222222222222,26,4,0,22,251,42
llama,gen_2,two pointers,21,24,0.875,20,0,0,6,103,7
llama,gen_3,*special,7,8,0.875,7,1,0,1,51,6
llama,gen_3,2-sat,1,2,0.5,1,0,0,1,10,9
llama,gen_3,binary search,54,57,0.9473684210526315,51,0,0,17,239,15
llama,gen_3,bitmasks,26,27,0.9629629629629629,24,0,1,9,139,2
llama,gen_3,brute force,86,94,0.9148936170212766,83,1,1,35,403,19
llama,gen_3,chinese remainder theorem,2,2,1.0,2,0,0,0,4,0
llama,gen_3,combinatorics,25,26,0.9615384615384616,21,0,0,8,115,2
llama,gen_3,constructive algorithms,82,85,0.9647058823529412,79,1,3,41,465,7
llama,gen_3,data structures,76,80,0.95,69,2,0,30,356,9
llama,gen_3,dfs and similar,42,47,0.8936170212765957,39,2,0,25,263,12
llama,gen_3,divide and conquer,16,16,1.0,14,0,1,8,135,0
llama,gen_3,dp,104,111,0.9369369369369369,96,3,1,33,504,10
llama,gen_3,dsu,21,22,0.9545454545454546,19,0,0,14,122,2
llama,gen_3,expression parsing,1,1,1.0,1,0,0,1,11,0
llama,gen_3,fft,7,7,1.0,6,0,0,2,34,0
llama,gen_3,flows,4,5,0.8,4,0,0,2,23,2
llama,gen_3,games,14,14,1.0,11,1,0,3,71,1
llama,gen_3,geometry,16,20,0.8,14,0,0,10,121,10
llama,gen_3,graph matchings,5,6,0.8333333333333334,5,0,0,5,37,2
llama,gen_3,graphs,59,64,0.921875,55,0,4,33,353,12
llama,gen_3,greedy,125,132,0.946969696969697,113,4,4,41,517,12
llama,gen_3,hashing,5,5,1.0,5,0,0,0,22,0
llama,gen_3,implementation,149,157,0.9490445859872612,141,1,6,64,601,30
llama,gen_3,interactive,8,9,0.8888888888888888,7,0,1,4,118,1
llama,gen_3,math,116,124,0.9354838709677419,108,1,1,33,546,15
llama,gen_3,matrices,7,7,1.0,7,0,0,3,35,0
llama,gen_3,meet-in-the-middle,1,1,1.0,1,0,0,0,4,0
llama,gen_3,number theory,32,33,0.9696969696969697,29,0,1,9,170,1
llama,gen_3,probabilities,12,14,0.8571428571428571,11,1,1,6,117,5
llama,gen_3,shortest paths,11,14,0.7857142857142857,11,0,4,8,102,7
llama,gen_3,sortings,56,60,0.9333333333333333,53,0,0,25,249,8
llama,gen_3,string suffix structures,5,5,1.0,5,0,0,2,19,0
llama,gen_3,strings,36,38,0.9473684210526315,34,1,0,18,154,7
llama,gen_3,ternary search,6,6,1.0,6,0,0,3,26,0
llama,gen_3,trees,36,39,0.9230769230769231,35,0,0,22,269,1
llama,gen_3,two pointers,27,28,0.9642857142857143,26,1,0,9,103,4
qwen,gen_1,*special,8,8,1.0,8,0,0,3,17,0
qwen,gen_1,2-sat,2,2,1.0,2,0,0,1,7,0
qwen,gen_1,binary search,54,57,0.9473684210526315,51,0,0,23,184,4
qwen,gen_1,bitmasks,26,28,0.9285714285714286,24,3,2,11,89,13
qwen,gen_1,brute force,92,94,0.9787234042553191,88,0,1,37,277,12
qwen,gen_1,chinese remainder theorem,2,2,1.0,2,0,0,0,4,0
qwen,gen_1,combinatorics,27,27,1.0,23,0,0,4,103,0
qwen,gen_1,constructive algorithms,83,84,0.9880952380952381,79,1,2,41,290,2
qwen,gen_1,data structures,73,81,0.9012345679012346,67,0,1,33,373,21
qwen,gen_1,dfs and similar,42,48,0.875,38,1,1,24,240,29
qwen,gen_1,divide and conquer,16,16,1.0,14,0,0,3,73,0
qwen,gen_1,dp,105,114,0.9210526315789473,98,7,3,40,397,37
qwen,gen_1,dsu,20,22,0.9090909090909091,18,0,1,12,113,1
qwen,gen_1,expression parsing,1,1,1.0,1,0,0,0,2,0
qwen,gen_1,fft,7,7,1.0,6,2,0,3,41,0
qwen,gen_1,flows,4,5,0.8,4,0,0,1,21,1
qwen,gen_1,games,14,14,1.0,11,0,0,5,56,0
qwen,gen_1,geometry,19,20,0.95,17,0,0,9,103,1
qwen,gen_1,graph matchings,5,6,0.8333333333333334,5,0,0,2,19,1
qwen,gen_1,graphs,57,65,0.8769230769230769,52,3,2,35,328,28
qwen,gen_1,greedy,128,134,0.9552238805970149,117,1,0,55,385,12
qwen,gen_1,hashing,4,5,0.8,4,0,0,4,16,0
qwen,gen_1,implementation,153,158,0.9683544303797469,146,0,0,54,432,13
qwen,gen_1,interactive,8,9,0.8888888888888888,7,0,1,5,47,2
qwen,gen_1,math,119,124,0.9596774193548387,109,3,0,41,412,7
qwen,gen_1,matrices,7,7,1.0,7,0,0,2,41,0
qwen,gen_1,meet-in-the-middle,1,1,1.0,1,0,0,0,3,0
qwen,gen_1,number theory,32,33,0.9696969696969697,29,2,1,6,114,2
qwen,gen_1,probabilities,11,14,0.7857142857142857,10,1,0,10,82,2
qwen,gen_1,shortest paths,10,14,0.7142857142857143,9,0,0,6,84,5
qwen,gen_1,sortings,55,61,0.9016393442622951,51,1,0,18,195,13
qwen,gen_1,string suffix structures,4,5,0.8,4,0,1,4,33,7
qwen,gen_1,strings,36,38,0.9473684210526315,34,0,1,16,144,7
qwen,gen_1,ternary search,6,6,1.0,6,0,0,5,30,0
qwen,gen_1,trees,34,40,0.85,33,4,2,20,212,28
qwen,gen_1,two pointers,25,28,0.8928571428571429,24,0,0,11,92,5
qwen,gen_2,*special,8,8,1.0,8,0,0,0,25,0
qwen,gen_2,2-sat,2,2,1.0,2,0,0,2,11,0
qwen,gen_2,binary search,49,55,0.8909090909090909,48,1,0,25,257,17
qwen,gen_2,bitmasks,26,28,0.9285714285714286,24,0,2,17,126,19
qwen,gen_2,brute force,89,93,0.956989247311828,85,0,0,44,379,15
qwen,gen_2,chinese remainder theorem,2,2,1.0,2,0,0,0,3,0
qwen,gen_2,combinatorics,23,26,0.8846153846153846,20,0,1,11,148,6
qwen,gen_2,constructive algorithms,75,81,0.9259259259259259,72,1,1,41,566,23
qwen,gen_2,data structures,66,77,0.8571428571428571,59,4,3,43,366,41
qwen,gen_2,dfs and similar,40,47,0.851063829787234,36,2,1,29,332,16
qwen,gen_2,divide and conquer,14,16,0.875,12,0,0,6,75,9
qwen,gen_2,dp,98,112,0.875,91,1,2,54,565,47
qwen,gen_2,dsu,16,22,0.7272727272727273,15,0,1,14,129,16
qwen,gen_2,expression parsing,1,1,1.0,1,0,0,1,6,0
qwen,gen_2,fft,7,7,1.0,6,0,0,4,43,0
qwen,gen_2,flows,3,5,0.6,3,0,0,3,20,13
qwen,gen_2,games,13,14,0.9285714285714286,10,0,0,6,70,1
qwen,gen_2,geometry,18,20,0.9,16,0,0,6,80,4
qwen,gen_2,graph matchings,4,6,0.6666666666666666,4,0,0,1,23,3
qwen,gen_2,graphs,47,63,0.746031746031746,43,2,6,48,409,52
qwen,gen_2,greedy,115,125,0.92,105,2,4,49,502,34
qwen,gen_2,hashing,2,4,0.5,2,0,0,0,17,5
qwen,gen_2,implementation,146,152,0.9605263157894737,138,0,0,62,621,10
qwen,gen_2,interactive,8,9,0.8888888888888888,7,0,0,1,79,1
qwen,gen_2,math,113,119,0.9495798319327731,104,1,0,39,473,9
qwen,gen_2,matrices,5,7,0.7142857142857143,5,1,0,3,34,6
qwen,gen_2,meet-in-the-middle,1,1,1.0,1,0,0,0,4,0
qwen,gen_2,number theory,28,32,0.875,26,0,0,6,120,6
qwen,gen_2,probabilities,10,13,0.7692307692307693,9,0,0,5,81,5
qwen,gen_2,shortest paths,11,13,0.8461538461538461,10,1,4,9,92,1
qwen,gen_2,sortings,57,61,0.9344262295081968,53,0,0,34,244,21
qwen,gen_2,string suffix structures,3,4,0.75,3,0,0,3,25,5
qwen,gen_2,strings,32,37,0.8648648648648649,31,1,0,21,195,9
qwen,gen_2,ternary search,5,6,0.8333333333333334,5,0,0,2,28,7
qwen,gen_2,trees,29,40,0.725,28,2,1,23,341,40
qwen,gen_2,two pointers,26,28,0.9285714285714286,25,1,0,10,111,10
qwen,gen_3,*special,7,7,1.0,7,0,0,0,25,0
qwen,gen_3,2-sat,2,2,1.0,2,0,0,1,11,0
qwen,gen_3,binary search,54,56,0.9642857142857143,51,2,0,21,233,2
qwen,gen_3,bitmasks,26,27,0.9629629629629629,24,0,0,11,103,3
qwen,gen_3,brute force,88,91,0.967032967032967,84,0,1,34,329,5
qwen,gen_3,chinese remainder theorem,2,2,1.0,2,0,0,0,4,0
qwen,gen_3,combinatorics,21,25,0.84,18,0,2,14,103,6
qwen,gen_3,constructive algorithms,70,78,0.8974358974358975,67,1,0,36,466,26
qwen,gen_3,data structures,71,78,0.9102564102564102,64,0,4,44,374,15
qwen,gen_3,dfs and similar,42,46,0.9130434782608695,38,0,0,32,266,8
qwen,gen_3,divide and conquer,15,15,1.0,13,0,0,9,85,0
qwen,gen_3,dp,98,105,0.9333333333333333,90,0,2,48,473,8
qwen,gen_3,dsu,19,22,0.8636363636363636,17,0,0,23,155,11
qwen,gen_3,expression parsing,1,1,1.0,1,0,0,0,2,0
qwen,gen_3,fft,5,6,0.8333333333333334,4,0,2,3,17,3
qwen,gen_3,flows,4,4,1.0,4,0,0,3,19,0
qwen,gen_3,games,14,14,1.0,11,0,0,4,81,0
qwen,gen_3,geometry,19,19,1.0,17,0,0,11,139,0
qwen,gen_3,graph matchings,5,5,1.0,5,0,0,3,18,0
qwen,gen_3,graphs,54,61,0.8852459016393442,50,1,0,43,393,31
qwen,gen_3,greedy,118,123,0.959349593495935,107,0,0,45,510,12
qwen,gen_3,hashing,5,5,1.0,5,0,0,2,18,0
qwen,gen_3,implementation,145,152,0.9539473684210527,137,1,0,62,608,17
qwen,gen_3,interactive,8,9,0.8888888888888888,7,0,0,3,69,1
qwen,gen_3,math,110,121,0.9090909090909091,102,0,2,44,521,24
qwen,gen_3,matrices,7,7,1.0,7,0,0,6,58,0
qwen,gen_3,meet-in-the-middle,1,1,1.0,1,0,0,0,7,0
qwen,gen_3,number theory,30,31,0.967741935483871,27,0,0,10,141,1
qwen,gen_3,probabilities,10,14,0.7142857142857143,9,0,0,8,94,4
qwen,gen_3,shortest paths,12,14,0.8571428571428571,12,1,0,10,102,10
qwen,gen_3,sortings,51,59,0.864406779661017,48,2,0,34,246,18
qwen,gen_3,string suffix structures,4,5,0.8,4,0,0,5,30,3
qwen,gen_3,strings,35,36,0.9722222222222222,33,0,0,13,141,3
qwen,gen_3,ternary search,5,5,1.0,5,0,0,4,32,0
qwen,gen_3,trees,33,39,0.8461538461538461,32,0,0,26,274,14
qwen,gen_3,two pointers,22,26,0.8461538461538461,21,2,0,11,109,4
