metric,model,n_samples,point_estimate,ci_lower,ci_upper,ci_width,p_value,significant_95
full_pass_rate,human,994,0.7525150905432596,0.7253521126760564,0.778672032193159,0.053319919517102576,,
mean_pass_rate,human,994,0.8296802396748408,0.8082641816177114,0.8501496373403659,0.04188545572265445,,
full_pass_rate,qwen,1379,0.14938361131254532,0.1312545322697607,0.16823785351704135,0.036983321247280654,,
mean_pass_rate,qwen,1379,0.3765857087367028,0.3576298379694148,0.3955271713001062,0.037897333330691396,,
full_pass_rate,gemma,1206,0.2230514096185738,0.1998341625207297,0.2462686567164179,0.04643449419568821,,
mean_pass_rate,gemma,1206,0.4674998374470205,0.4457725280292273,0.48868393862376525,0.04291141059453796,,
full_pass_rate,llama,1382,0.20911722141823444,0.18813314037626627,0.23154848046309695,0.04341534008683068,,
mean_pass_rate,llama,1382,0.42510839207252826,0.4052104794753529,0.4457557388582071,0.04054525938285419,,
full_pass_diff_human_minus_ai,human - qwen,994 vs 1379,0.6031314792307143,0.5706363817422301,0.6362150057706646,0.0655786240284345,0.0,True
mean_rate_diff_human_minus_ai,human - qwen,994 vs 1379,0.45309453093813806,0.42546290454844216,0.4816792663467144,0.05621636179827222,0.0,True
full_pass_diff_human_minus_ai,human - gemma,994 vs 1206,0.5294636809246858,0.4933011418427647,0.5646329469353435,0.0713318050925788,0.0,True
mean_rate_diff_human_minus_ai,human - gemma,994 vs 1206,0.36218040222782033,0.3315712542840374,0.3921452771844383,0.060574022900400926,0.0,True
full_pass_diff_human_minus_ai,human - llama,994 vs 1382,0.5433978691250252,0.508891955204454,0.5783974469101149,0.0695054917056609,0.0,True
mean_rate_diff_human_minus_ai,human - llama,994 vs 1382,0.4045718476023126,0.37491977530237336,0.4337206764814245,0.058800901179051124,0.0,True
mean_cwe_count_compiled,human,1665,1.365165165165165,1.23003003003003,1.5087237237237237,0.2786936936936937,,
cwe_prevalence_compiled,human,1665,0.44804804804804804,0.42462462462462464,0.47147147147147145,0.04684684684684681,,
mean_cwe_count_compiled,qwen,2290,0.6969432314410481,0.6393013100436681,0.7572052401746725,0.11790393013100442,,
cwe_prevalence_compiled,qwen,2290,0.35109170305676857,0.3314410480349345,0.3703056768558952,0.0388646288209607,,
mean_cwe_count_compiled,gemma,2018,1.0594648166501486,0.9722497522299306,1.1486744301288403,0.1764246778989097,,
cwe_prevalence_compiled,gemma,2018,0.44301288404360756,0.4207135777998018,0.464816650148662,0.04410307234886024,,
mean_cwe_count_compiled,llama,2272,0.6043133802816901,0.5532570422535211,0.6566901408450704,0.10343309859154926,,
cwe_prevalence_compiled,llama,2272,0.3173415492957746,0.29797535211267606,0.33670774647887325,0.03873239436619719,,
cwe_count_diff_compiled,qwen - human,2290 vs 1665,-0.668221933724117,-0.8225150477988905,-0.5225401602475838,0.29997488755130675,0.0,True
cwe_prevalence_diff_compiled,qwen - human,2290 vs 1665,-0.09695634499127948,-0.12812987660149233,-0.06714275410781965,0.06098712249367268,0.0,True
cwe_count_diff_compiled,gemma - human,2018 vs 1665,-0.3057003485150165,-0.4743191382661156,-0.14534754030541952,0.3289715979606961,0.0,True
cwe_prevalence_diff_compiled,gemma - human,2018 vs 1665,-0.005035164004440484,-0.0371395652342134,0.026993544585219527,0.06413310981943293,0.7568,False
cwe_count_diff_compiled,llama - human,2272 vs 1665,-0.7608517848834749,-0.9119074091697331,-0.6172476724083238,0.29465973676140933,0.0,True
cwe_prevalence_diff_compiled,llama - human,2272 vs 1665,-0.13070649875227341,-0.16133355406462802,-0.10084569164234657,0.06048786242228145,0.0,True
mean_cwe_count_passing,human,748,1.2085561497326203,1.0387700534759359,1.3943850267379678,0.35561497326203195,,
mean_cwe_count_passing,qwen,206,0.529126213592233,0.41262135922330095,0.6650485436893204,0.25242718446601947,,
mean_cwe_count_passing,gemma,269,0.5799256505576208,0.4721189591078067,0.6951672862453532,0.22304832713754646,,
mean_cwe_count_passing,llama,289,0.3044982698961938,0.23875432525951557,0.3737024221453287,0.13494809688581316,,
cwe_count_diff_passing,qwen - human,206 vs 748,-0.6794299361403873,-0.9042378381184778,-0.4644699781942788,0.439767859924199,0.0,True
cwe_count_diff_passing,gemma - human,269 vs 748,-0.6286304991749995,-0.8476316024889171,-0.42336615112418746,0.42426545136472965,0.0,True
cwe_count_diff_passing,llama - human,289 vs 748,-0.9040578798364265,-1.1033501100975147,-0.7234979553318654,0.37985215476564926,0.0,True
cwe_398_prevalence_diff_compiled,gemma - human,2018 vs 1665,0.014054292151418013,-0.016369097045509318,0.04429657854087986,0.060665675586389176,0.3768,False
cwe_398_prevalence_diff_compiled,llama - human,2272 vs 1665,-0.0697212176965698,-0.09773898458317472,-0.04133507407054945,0.05640391051262527,0.0,True
cwe_398_prevalence_diff_compiled,qwen - human,2290 vs 1665,-0.03545903982585208,-0.06428527872851016,-0.007287167079743509,0.05699811164876665,0.0126,True
cwe_563_prevalence_diff_compiled,gemma - human,2018 vs 1665,0.028000845245642073,0.0060317502834846826,0.049142700678875106,0.043110950395390424,0.0124,True
cwe_563_prevalence_diff_compiled,llama - human,2272 vs 1665,-0.05177457386964429,-0.07026509564141607,-0.03339797323732184,0.03686712240409423,0.0,True
cwe_563_prevalence_diff_compiled,qwen - human,2290 vs 1665,-0.04266231296798982,-0.061497337949303,-0.0235558702807611,0.0379414676685419,0.0,True
cwe_571_prevalence_diff_compiled,gemma - human,2018 vs 1665,0.006608392336836341,-0.0015601329773777747,0.014776917651050455,0.016337050628428232,0.1086,False
cwe_571_prevalence_diff_compiled,llama - human,2272 vs 1665,-0.00220969208645265,-0.009297677959649793,0.004677514221968434,0.013975192181618227,0.539,False
cwe_571_prevalence_diff_compiled,qwen - human,2290 vs 1665,-0.0049162699817721645,-0.011686795966271948,0.001582805512936498,0.013269601479208446,0.1424,False
cwe_457_prevalence_diff_compiled,gemma - human,2018 vs 1665,-0.018362961574061674,-0.026351128135072635,-0.01076527468995259,0.015585853445120045,0.0,True
cwe_457_prevalence_diff_compiled,llama - human,2272 vs 1665,-0.017541132681977753,-0.02534894048978556,-0.01001300596371019,0.01533593452607537,0.0,True
cwe_457_prevalence_diff_compiled,qwen - human,2290 vs 1665,-0.018456010595748588,-0.026372660870477464,-0.010976041543727135,0.015396619326750328,0.0,True
cwe_570_prevalence_diff_compiled,gemma - human,2018 vs 1665,0.012929579728390431,0.006277437000925604,0.019867885725170155,0.013590448724244551,0.0002,True
cwe_570_prevalence_diff_compiled,llama - human,2272 vs 1665,-0.0018842786448420253,-0.0062077041830562955,0.0022786871378420673,0.008486391320898363,0.3792,False
cwe_570_prevalence_diff_compiled,qwen - human,2290 vs 1665,0.00507494393957276,-0.000329150110809499,0.010534114900927129,0.010863265011736628,0.064,False
cwe_119_prevalence_diff_compiled,gemma - human,2018 vs 1665,-0.05225225225225225,-0.06306306306306306,-0.04144144144144144,0.021621621621621616,0.0,True
cwe_119_prevalence_diff_compiled,llama - human,2272 vs 1665,-0.049611407181829714,-0.06086235883771095,-0.0388005963710189,0.022061762466692045,0.0,True
cwe_119_prevalence_diff_compiled,qwen - human,2290 vs 1665,-0.05225225225225225,-0.06306306306306306,-0.042042042042042045,0.021021021021021012,0.0,True
cwe_786_prevalence_diff_compiled,gemma - human,2018 vs 1665,-0.0015461447572448564,-0.006247771557484127,0.003123837415215017,0.009371608972699143,0.5212,False
cwe_786_prevalence_diff_compiled,llama - human,2272 vs 1665,0.0023566700503320215,-0.00296625851203316,0.007560377278687138,0.010526635790720298,0.3816,False
cwe_786_prevalence_diff_compiled,qwen - human,2290 vs 1665,-0.0016391937789317704,-0.006280079205843397,0.0029466147370077497,0.009226693942851147,0.489,False
cwe_758_prevalence_diff_compiled,gemma - human,2018 vs 1665,-0.0067414292389515375,-0.012327193397560098,-0.0014392018381116775,0.010887991559448421,0.0116,True
cwe_758_prevalence_diff_compiled,llama - human,2272 vs 1665,-0.007569365139787674,-0.013093991879203147,-0.0026453390009728035,0.010448652878230344,0.0018,True
cwe_758_prevalence_diff_compiled,qwen - human,2290 vs 1665,-0.007590122873965668,-0.012995528279371074,-0.0025125562243466172,0.010482972055024457,0.0028,True
cwe_788_prevalence_diff_compiled,gemma - human,2018 vs 1665,-0.010810810810810811,-0.016216216216216217,-0.006006006006006006,0.010210210210210211,0.0,True
cwe_788_prevalence_diff_compiled,llama - human,2272 vs 1665,-0.008169965740388276,-0.01373583090132386,-0.0029250200905130484,0.010810810810810811,0.0016,True
cwe_788_prevalence_diff_compiled,qwen - human,2290 vs 1665,-0.00950076714268854,-0.014906172548093946,-0.004423200493069488,0.010482972055024457,0.0,True
cwe_686_prevalence_diff_compiled,gemma - human,2018 vs 1665,-0.010810810810810811,-0.016216216216216217,-0.006006006006006006,0.010210210210210211,0.0,True
cwe_686_prevalence_diff_compiled,llama - human,2272 vs 1665,-0.01037066996574039,-0.015776075371145795,-0.005565865160935583,0.010210210210210211,0.0,True
cwe_686_prevalence_diff_compiled,qwen - human,2290 vs 1665,-0.010374129588103388,-0.015779534993508794,-0.005569324783298583,0.010210210210210211,0.0,True
