problem_key,shard,tags
1012_E. Cycle sort,00000,dsu|math
1037_E. Trips,00000,graphs
1060_A. Phone Numbers,00000,brute force
1081_G. Mergesort Strikes Back,00000,math|probabilities
1101_A. Minimum Integer,00000,math
1129_D. Isolation,00000,data structures|dp
1149_E. Election Promises,00000,games|graphs
1189_D1. Add on a Tree,00000,trees
1208_D. Restore Permutation,00000,binary search|data structures|greedy|implementation
1227_D1. Optimal Subsequences (Easy Version),00000,data structures|greedy
1269_E. K Integers,00000,binary search|data structures
1291_E. Prefix Enlightenment,00000,dfs and similar|dsu|graphs
1311_F. Moving Points,00000,data structures|divide and conquer|implementation|sortings
1334_D. Minimum Euler Cycle,00000,constructive algorithms|graphs|greedy|implementation
1354_F. Summoning Minions,00000,constructive algorithms|dp|flows|graph matchings|greedy|sortings
1374_E1. Reading Books (easy version),00000,data structures|greedy|sortings
1398_A. Bad Triangle,00000,geometry|math
1421_B. Putting Bricks in the Wall,00000,constructive algorithms|implementation
143_A. Help Vasilisa the Wise 2,00000,brute force|math
1466_F. Euclid's nightmare,00000,bitmasks|dfs and similar|dsu|graphs|greedy|math|sortings
1490_G. Old Floppy Drive ,00000,binary search|data structures|math
1513_C. Add One,00000,dp|matrices
1540_C1. Converging Array (Easy Version),00000,dp|math
168_A. Wizards and Demonstration,00000,implementation|math
20_B. Equation,00000,math
235_D. Graph Game,00000,graphs
260_B. Ancient Prophesy,00000,brute force|implementation|strings
284_B. Cows and Poker Game,00000,brute force|implementation
309_B. Context Advertising,00000,dp|two pointers
331_E2. Deja Vu,00000,constructive algorithms|dp
354_E. Lucky Number Representation,00000,constructive algorithms|dfs and similar|dp
379_A. New Year Candles,00000,implementation
39_H. Multiplication Table,00000,implementation
425_D. Sereja and Squares,00000,binary search|data structures|hashing
44_B. Cola,00000,implementation
494_D. Birthday,00000,data structures|dfs and similar|dp|trees
519_B. A and B and Compilation Errors,00000,data structures|implementation|sortings
545_C. Woodcutters,00000,dp|greedy
571_E. Geometric Progressions,00000,math
593_C. Beautiful Function,00000,constructive algorithms|math
615_A. Bulbs,00000,implementation
634_C. Factory Repairs,00000,data structures
663_A. Rebus,00000,constructive algorithms|expression parsing|greedy|math
687_D. Dividing Kingdom II,00000,brute force|data structures|dsu|graphs|sortings
70_C. Lucky Tickets,00000,binary search|data structures|sortings|two pointers
730_J. Bottles,00000,dp
754_E. Dasha and cyclic table,00000,bitmasks|brute force|fft|strings|trees
776_A. A Serial Killer,00000,brute force|implementation|strings
7_B. Memory Manager,00000,implementation
820_D. Mister B and PR Shifts,00000,data structures|implementation|math
846_E. Chemistry in Berland,00000,dfs and similar|greedy|trees
868_A. Bark to Unlock,00000,brute force|implementation|strings
893_D. Credit Card,00000,data structures|dp|greedy|implementation
915_A. Garden,00000,implementation
938_B. Run For Your Prize,00000,brute force|greedy
963_B. Destruction of a Tree,00000,constructive algorithms|dfs and similar|dp|greedy|trees
990_E. Post Lamps,00000,brute force|greedy
p02613 AtCoder Beginner Contest 173 - Judge Status Summary,00000,
p02744 Panasonic Programming Contest 2020 - String Equivalence,00000,
p02879 AtCoder Beginner Contest 144 - 9x9,00000,
p03013 AtCoder Beginner Contest 129 - Typical Stairs,00000,
p03153 KEYENCE Programming Contest 2019 - Connecting Cities,00000,
p03297 AtCoder Grand Contest 026 - rng_10s,00000,
p03455 AtCoder Beginner Contest 086 - Product,00000,
p03616 AtCoder Regular Contest 082 - Sandglass,00000,
p03774 AtCoder Beginner Contest 057 - Checkpoints,00000,
p03943 AtCoder Beginner Contest 047 - Fighting over Candies,00000,
p00035 Is it Convex?,00000,
p00167 Bubble Sort,00000,
p00323 Metal Recycling,00000,
p00493 Zig-Zag Numbers,00000,
p00680 KND Factory,00000,
p00822 Weather Forecast,00000,
p00953 Animal Companion in Maze,00000,
p01086 Short Phrase,00000,
p01222 Walk under a Scorching Sun,00000,
p01356 Nearest Station,00000,
p01538 Kakezan,00000,
p01694 Step Aerobics,00000,
p01838 Optimal Tournament,00000,
p01974 Pigeonhole principle,00000,
p02120 Cluster Network,00000,
p02260 Selection Sort,00000,
p02408 Finding Missing Cards,00000,
101_C. Vectors,00000,implementation|math
1043_A. Elections,00000,implementation|math
1065_F. Up and Down the Tree,00000,dfs and similar|dp|trees
1088_D. Ehab and another another xor problem,00000,bitmasks|constructive algorithms|implementation|interactive
1107_D. Compression,00000,dp|implementation|math|number theory
1136_D. Nastya Is Buying Lunch,00000,greedy
1155_A. Reverse a Substring,00000,implementation|sortings|strings
1176_F. Destroy it!,00000,dp|implementation|sortings
1195_D2. Submarine in the Rybinsk Sea (hard edition),00000,combinatorics|math|number theory
1236_A. Stones,00000,brute force|greedy|math
1253_F. Cheap Robot,00000,binary search|dsu|graphs|shortest paths|trees
1277_E. Two Fairs,00000,combinatorics|dfs and similar|dsu|graphs
1320_F. Blocks and Sensors,00000,brute force
133_D. Piet,00000,implementation
1361_E. James and the Chase,00000,dfs and similar|graphs|probabilities|trees
1382_A. Common Subsequence,00000,brute force
1424_N. BubbleSquare Tokens,00000,
1446_D2. Frequency Problem (Hard Version),00000,data structures|greedy|two pointers
1470_E. Strange Permutation,00000,binary search|combinatorics|data structures|dp|graphs|implementation|two pointers
1497_D. Genius,00000,bitmasks|dp|graphs|number theory
151_C. Win or Freeze,00000,games|math|number theory
1547_C. Pair Programming,00000,greedy|two pointers
174_E. Ancient Berland Hieroglyphs,00000,two pointers
195_A. Let's Watch Football,00000,binary search|brute force|math
219_A. k-String,00000,implementation|strings
242_C. King's Path,00000,dfs and similar|graphs|hashing|shortest paths
268_A. Games,00000,brute force
290_D. Orange,00000,*special|implementation
316_B2. EKG,00000,dfs and similar|dp
339_A. Helpful Maths,00000,greedy|implementation|sortings|strings
361_C. Levko and Array Recovery,00000,greedy|implementation
385_A. Bear and Raspberry,00000,brute force|greedy|implementation
405_E. Graph Cutting,00000,dfs and similar|graphs
433_A. Kitahara Haruki's Gift,00000,brute force|implementation
455_C. Civilization,00000,dfs and similar|dp|dsu|ternary search|trees
478_A. Initial Bet,00000,implementation
500_C. New Year Book Reading,00000,constructive algorithms|greedy|implementation|math
526_A. King of Thieves,00000,brute force|implementation
551_B. ZgukistringZ,00000,brute force|constructive algorithms|implementation|strings
578_C. Weakness and Poorness,00000,ternary search
5_A. Chat Server's Outgoing Traffic,00000,implementation
621_D. Rat Kwesh and Cheese,00000,brute force|constructive algorithms|math
643_B. Bear and Two Paths,00000,constructive algorithms|graphs
670_B. Game of Robots,00000,implementation
691_D. Swaps in Permutation,00000,dfs and similar|dsu|math
716_D. Complete The Graph,00000,binary search|constructive algorithms|graphs|shortest paths
737_A. Road to Cinema,00000,binary search|greedy|sortings
760_F. Bacterial Melee,00000,brute force|combinatorics|dp|string suffix structures
784_B. Kids' Riddle,00000,*special
805_A. Fake NP,00000,greedy|math
830_A. Office Keys,00000,binary search|brute force|dp|greedy|sortings
851_B. Arpa and an exam about geometry,00000,geometry|math
875_D. High Cry,00000,binary search|bitmasks|combinatorics|data structures|divide and conquer
89_C. Chip Play,00000,brute force|data structures|implementation
920_E. Connected Components?,00000,data structures|dfs and similar|dsu|graphs
949_C. Data Center Maintenance,00000,dfs and similar|graphs
977_B. Two-gram,00000,implementation|strings
996_F. Game,00000,math
p02652 AtCoder Grand Contest 045 - 01 Unbalanced,00000,
p02781 AtCoder Beginner Contest 154 - Almost Everywhere Zero,00000,
p02916 AtCoder Beginner Contest 140 - Buffet,00000,
p03052 diverta 2019 Programming Contest - Edge Ordering,00000,
p03194 CADDi 2018 for Beginners - Product and GCD,00000,
p03343 AtCoder Regular Contest 098 - Range Minimum Queries,00000,
p03503 AtCoder Beginner Contest 080 - Shopping Street,00000,
p03664 AtCoder Regular Contest 078 - Mole and Abandoned Mine,00000,
p03819 AtCoder Regular Contest 068 - Snuke Line,00000,
p03986 AtCoder Grand Contest 005 - STring,00000,
p00074 Videotape,00000,
p00206 Next Trip,00000,
p00365 Age Difference,00000,
p00573 Commuter Pass,00000,
p00720 Earth Observation with a Mobile Robot Team,00000,
p00860 The Morning after Halloween,00000,
p00991 Grid,00000,
p01123 Let's Move Tiles!,00000,
p01262 Adaptive Time Slicing Quantization,00000,
p01422 Beautiful Currency,00000,
p01576 Exciting Bicycle,00000,
p01738 Gravity Point,00000,
p01878 Destiny Draw,00000,
p02014 Rough Sorting,00000,
p02157 Shuffle 2,00000,
p02298 Is-Convex,00000,
p02445 Swap,00000,
1012_B. Chemical table,00000,constructive algorithms|dfs and similar|dsu|graphs|matrices
1037_B. Reach Median,00000,greedy
105_C. Item World,00000,brute force|implementation|sortings
1081_D. Maximum Distance,00000,dsu|graphs|shortest paths|sortings
1100_D. Dasha and Chess,00000,constructive algorithms|games|interactive
1129_A2. Toy Train,00000,brute force|greedy
1149_B. Three Religions,00000,dp|implementation|strings
1189_A. Keanu Reeves,00000,strings
1208_A. XORinacci,00000,math
1227_A. Math Problem,00000,math
124_D. Squares,00000,math
1269_B. Modulo Equality,00000,brute force|sortings
1291_B. Array Sharpening,00000,greedy|implementation
1311_C. Perform the Combo,00000,brute force
1334_A. Level Statistics,00000,implementation|math
1354_C2. Not So Simple Polygon Embedding,00000,binary search|brute force|geometry|math
"1374_B. Multiply by 2, divide by 6",00000,math
1397_C. Multiples of Length,00000,constructive algorithms|greedy|number theory
1420_D. Rescue Nibel!,00000,combinatorics|data structures|sortings
1439_C. Greedy Shopping,00000,binary search|data structures|divide and conquer|greedy|implementation
1466_C. Canine poetry,00000,dp|greedy|strings
1490_D. Permutation Transformation,00000,dfs and similar|divide and conquer|implementation
1512_G. Short Task,00000,brute force|dp|math|number theory
167_C. Wizards and Numbers,00000,games|math
209_B. Pixels,00000,constructive algorithms|math
235_A. LCM Challenge,00000,number theory
25_D. Roads not only in Berland,00000,dsu|graphs|trees
283_D. Cows and Cool Sequences,00000,dp|math|number theory
"306_C. White, Black and White Again",00000,combinatorics|number theory
331_D2. Escaping on Beaveractor,00000,graphs
354_B. Game with Strings,00000,bitmasks|dp|games
378_C. Maze,00000,dfs and similar
39_E. What Has Dirichlet Got to Do with That?,00000,dp|games
425_A. Sereja and Swaps,00000,brute force|sortings
449_D. Jzzhu and Numbers,00000,bitmasks|combinatorics|dp
494_A. Treasure,00000,greedy
518_E. Arthur and Questions,00000,greedy|implementation|math|ternary search
544_E. Remembering Strings,00000,bitmasks|dp
571_B. Minimization,00000,dp|greedy|sortings
592_E. BCPC,00000,binary search|geometry|two pointers
614_C. Peter and Snow Blower,00000,binary search|geometry|ternary search
633_H. Fibonacci-ish II,00000,data structures|implementation
662_C. Binary Table,00000,bitmasks|brute force|divide and conquer|dp|fft|math
687_A. NP-Hard Problem,00000,dfs and similar|graphs
709_E. Centroids,00000,data structures|dfs and similar|dp|graphs|greedy|trees
730_G. Car Repair Shop,00000,implementation
754_B. Ilya and tic-tac-toe game,00000,brute force|implementation
774_K. Stepan and Vowels,00000,*special|implementation|strings
79_D. Password,00000,bitmasks|dp|shortest paths
820_A. Mister B and Book Reading,00000,implementation
846_B. Math Show,00000,brute force|greedy
867_D. Gotta Go Fast,00000,binary search|dp
893_A. Chess For Three,00000,implementation
914_F. Substrings in a String,00000,bitmasks|brute force|data structures|string suffix structures|strings
937_D. Sleepy Game,00000,dfs and similar|dp|games|graphs
962_F. Simple Cycles Edges,00000,dfs and similar|graphs|trees
990_B. Micro-World,00000,greedy|sortings
p02610 AIsing Programming Contest 2020 - Camel Train,00000,
p02741 Panasonic Programming Contest 2020 - Kth Term,00000,
p02876 AtCoder Grand Contest 040 - Balance Beam,00000,
p03010 diverta 2019 Programming Contest 2 - Diverta City,00000,
p03150 KEYENCE Programming Contest 2019 - KEYENCE String,00000,
p03294 AtCoder Beginner Contest 103 - Modulo Summation,00000,
p03452 AtCoder Regular Contest 090 - People on a Line,00000,
p03612 AtCoder Beginner Contest 072 - Derangement,00000,
p03771 AtCoder Grand Contest 012 - Camel and Oases,00000,
p03940 AtCoder Grand Contest 007 - Shik and Game,00000,
p00032 Plastic Board,00000,
p00163 Highway Toll,00000,
p00320 Cuboid,00000,
p00490 Best Pizza,00000,
p00676 KND is So Sexy,00000,
p00819 Unreliable Message,00000,
p00950 Infallibly Crack Perplexing Cryptarithm,00000,
p01083 RedBlue,00000,
p01219 Private Teacher,00000,
p01353 Rabbit Plays Games!,00000,
p01535 Markup language has Declined,00000,
p01691 Disappear Drive,00000,
p01835 Donut Decoration,00000,
p01970 The Diversity of Prime Factorization,00000,
p02117 Picnic,00000,
p02257 Prime Numbers,00000,
p02405 Print a Chessboard,00000,
1007_E. Mini Metro,00000,dp
1030_E. Vasya and Good Sequences,00000,bitmasks|dp
1053_C. Putting Boxes Together,00000,data structures
1075_D. Intersecting Subtrees,00000,dfs and similar|interactive|trees
1096_E. The Top Scorer,00000,combinatorics|dp|math|probabilities
1117_F. Crisp String,00000,bitmasks|dp
1144_B. Parity Alternated Deletions,00000,greedy|implementation|sortings
1165_A. Remainder,00000,implementation|math
1184_B3. The Doctor Meets Vader (Hard),00000,flows|shortest paths
1202_C. You Are Given a WASD-string...,00000,brute force|data structures|dp|greedy|implementation|math|strings
1219_H. Function Composition,00000,dfs and similar
1244_C. The Football Season,00000,brute force|math|number theory
1264_A. Beautiful Regional Contest,00000,greedy|implementation
1285_C. Fadi and LCM,00000,brute force|math|number theory
1304_E. 1-Trees and Queries,00000,data structures|dfs and similar|shortest paths|trees
1328_F. Make k Equal,00000,greedy
1348_F. Phoenix and Memory,00000,data structures|dfs and similar|graphs|greedy
1369_D. TediousLee,00000,dp|graphs|greedy|math|trees
1391_C. Cyclic Permutations ,00000,combinatorics|dp|graphs|math
1413_F. Roads and Ramen,00000,data structures|trees
1455_F. String and Operations,00000,dp|greedy
147_B. Smile House,00000,binary search|graphs|matrices
1506_F. Triangular Paths,00000,constructive algorithms|graphs|math|shortest paths|sortings
152_E. Garden,00001,bitmasks|dp|graphs|trees
161_B. Discounts,00001,constructive algorithms|greedy|sortings
180_D. Name,00001,greedy|strings
203_E. Transportation,00001,greedy|sortings|two pointers
228_D. Zigzag,00001,data structures
252_B. Unsorting Array,00001,brute force|sortings
277_C. Game,00001,games|implementation
29_E. Quarrel,00001,graphs|shortest paths
323_C. Two permutations,00001,data structures
348_A. Mafia,00001,binary search|math|sortings
371_B. Fox Dividing Cheese,00001,math|number theory
392_D. Three Arrays,00001,data structures
415_E. Mashmokh and Reverse Operation,00001,combinatorics|divide and conquer
442_C. Artem and Array ,00001,data structures|greedy
464_D. World of Darkraft - 2,00001,dp|probabilities
488_C. Fight the Monster,00001,binary search|brute force|implementation
512_B. Fox And Jumping,00001,bitmasks|brute force|dp|math
536_C. Tavas and Pashmaks,00001,geometry|math
560_D. Equivalent Strings,00001,divide and conquer|hashing|sortings|strings
586_F. Lizard Era: Beginning,00001,meet-in-the-middle
609_B. The Best Gift,00001,constructive algorithms|implementation
630_A. Again Twenty Five!,00001,number theory
656_E. Out of Controls,00001,*special
67_E. Save the City!,00001,geometry
702_E. Analysis of Pathes in Functional Graph,00001,data structures|graphs
724_F. Uniformly Branched Trees,00001,combinatorics|dp|trees
746_F. Music in Car,00001,data structures|greedy|two pointers
76_B. Mice,00001,greedy|two pointers
793_F. Julia the snail,00001,data structures|divide and conquer|dp
814_C. An impassioned circulation of affection,00001,brute force|dp|strings|two pointers
83_C. Track,00001,graphs|greedy|shortest paths
85_D. Sum of Medians,00001,binary search|brute force|data structures|implementation
886_D. Restoration of string,00001,constructive algorithms|graphs|implementation
909_D. Colorful Points,00001,data structures|greedy|implementation
931_A. Friends Meeting,00001,brute force|greedy|implementation|math
958_E2. Guard Duty (medium),00001,binary search|dp|greedy|sortings
985_A. Chess Placing,00001,implementation
p02574 AtCoder Beginner Contest 177 - Coprime,00001,
p02705 AtCoder Beginner Contest 163 - Circle Pond,00001,
p02834 AtCoder Beginner Contest 148 - Playing Tag on Tree,00001,
p02971 AtCoder Beginner Contest 134 - Exception Handling,00001,
p03107 AtCoder Beginner Contest 120 - Unification,00001,
p03254 AtCoder Grand Contest 027 - Candy Distribution Again,00001,
p03407 AtCoder Beginner Contest 091 - Two Coins,00001,
p03570 CODE FESTIVAL 2017 qual C - Yet Another Palindrome Partitioning,00001,
p03725 AtCoder Grand Contest 014 - Closed Rooms,00001,
p03889 CODE FESTIVAL 2016 Relay (Parallel) - Mirror String,00001,
p04048 AtCoder Grand Contest 001 - Mysterious Light,00001,
p00127 Pocket Pager Input,00001,
p00260 Cats Going Straight,00001,
p00447 Searching Constellation,00001,
p00638 Old Bridges,00001,
p00781 Lattice Practices,00001,
p00914 Equal Sum Sets,00001,
p01046 Yu-kun Likes a lot of Money,00001,
p01179 Cousin's Aunt,00001,
p01316 Differential Pulse Code Modulation,00001,
p01484 Icy Composer,00001,
p01646 Dictionary,00001,
p01797 Kimagure Cleaner,00001,
p01931 Check answers,00001,
p02069 Universal and Existential Quantifiers,00001,
p02211 Apple Adventure,00001,
p02365 Minimum-Cost Arborescence,00001,
1003_D. Coins and Queries,00001,greedy
1027_E. Inverse Coloring,00001,combinatorics|dp|math
1046_D. Interstellar battle,00001,math|probabilities|trees
1070_C. Cloud Computing,00001,data structures|greedy
1091_G. New Year and the Factorisation Collaboration,00001,interactive|math|number theory
1110_E. Magic Stones,00001,constructive algorithms|math|sortings
1140_B. Good String,00001,implementation|strings
1158_F. Density of subarrays,00001,dp|math
1180_E. Serge and Dining Room,00001,binary search|data structures|graph matchings|greedy|implementation|math|trees
1199_E. Matching vs Independent Set,00001,constructive algorithms|graphs|greedy|sortings
1216_D. Swords,00001,math
1239_E. Turtle,00001,dp|implementation
1257_G. Divisor Set,00001,divide and conquer|fft|greedy|math|number theory
1281_B. Azamon Web Services,00001,greedy
1301_B. Motarack's Birthday,00001,binary search|greedy|ternary search
1325_B. CopyCopyCopyCopyCopy,00001,greedy|implementation
1344_A. Hilbert's Hotel,00001,math|number theory|sortings
1366_A. Shovels and Swords,00001,binary search|greedy|math
1386_A. Colors,00001,*special|binary search|constructive algorithms|interactive
1408_A. Circle Coloring,00001,constructive algorithms
1428_D. Bouncing Boomerangs,00001,constructive algorithms|greedy|implementation
1451_D. Circle Game,00001,games|geometry|math
1475_D. Cleaning the Phone,00001,binary search|dp|sortings|two pointers
1500_B. Two chandeliers,00001,binary search|brute force|chinese remainder theorem|math|number theory
1525_D. Armchairs,00001,dp|flows|graph matchings|greedy
157_A. Game Outcome,00001,brute force
178_A1. Educational Game,00001,greedy
19_B. Checkout Assistant,00001,dp
223_C. Partial Sums,00001,combinatorics|math|number theory
248_A. Cupboards,00001,implementation
272_B. Dima and Sequence,00001,implementation|math
295_D. Greg and Caves,00001,combinatorics|dp
319_B. Psychos in a Line,00001,data structures|implementation
343_B. Alternating Current,00001,data structures|greedy|implementation
366_D. Dima and Trap Graph,00001,binary search|data structures|dfs and similar|dsu|shortest paths|two pointers
38_C. Blinds,00001,brute force
40_B. Repaintings,00001,math
438_A. The Child and Toy,00001,graphs|greedy|sortings
45_H. Road Problem,00001,graphs
483_B. Friends and Presents,00001,binary search|math
507_B. Amr and Pins,00001,geometry|math
556_C. Case of Matryoshkas,00001,implementation
582_A. GCD Table,00001,constructive algorithms|greedy|number theory
604_A. Uncowed Forces,00001,implementation
626_D. Jerry's Protest,00001,brute force|combinatorics|dp|probabilities
650_B. Image Preview,00001,binary search|brute force|dp|two pointers
675_E. Trains and Statistic,00001,data structures|dp|greedy
699_F. Limak and Shooting Points,00001,brute force|geometry|math
720_C. Homework,00001,constructive algorithms
741_E. Arpa’s abnormal DNA and Mehrdad’s deep interest,00001,data structures|string suffix structures
765_D. Artsem and Saunders,00001,constructive algorithms|dsu|math
789_A. Anastasia and pebbles,00001,implementation|math
80_C. Heroes,00001,brute force|implementation
835_A. Key races,00001,math
855_D. Rowena Ravenclaw's Diadem,00001,trees
87_B. Vasya and Types,00001,implementation|strings
903_D. Almost Difference,00001,data structures|math
925_E. May Holidays,00001,data structures|trees
954_F. Runner's Problem,00001,dp|matrices|sortings
980_E. The Number Games,00001,data structures|greedy|trees
9_E. Interesting Graph and Apples,00001,dfs and similar|dsu|graphs
p02548 AtCoder Beginner Contest 179 - A x B + C,00001,
p02679 AtCoder Beginner Contest 168 - ∙ (Bullet),00001,
p02807 Dwango Programming Contest 6th - Fusing Slimes,00001,
p02943 AtCoder Grand Contest 037 - Reversing and Concatenating,00001,
p03080 ExaWizards 2019 - Red or Blue,00001,
p03225 Tenka1 Programmer Contest - Equilateral,00001,
p03371 AtCoder Beginner Contest 095 - Half and Half,00001,
p03534 CODE FESTIVAL 2017 Final (Parallel) - Palindrome-phobia,00001,
p03694 AtCoder Beginner Contest 064 - Traveling AtCoDeer Problem,00001,
p03849 AtCoder Regular Contest 066 - Xor Sum,00001,
p04015 AtCoder Regular Contest 060 - Tak and Cards,00001,
p00100 Sale Result,00001,
p00232 Life Game,00001,
p00395 Maze and Items,00001,
p00610 Cleaning Robot 2,00001,
p00748 Pollock's conjecture,00001,
p00886 Towns along a Highway,00001,
p01017 Yu-kun Likes Rectangles,00001,
p01150 Eight Princes,00001,
p01289 Strange Couple,00001,
p01458 Kth Sentence,00001,
p01609 One,00001,
p01770 Arojam's Mask,00001,
p01904 Minimum Enclosing Rectangle,00001,
p02042 ABSum,00001,
p02185 Many Decimal Integers,00001,
p02327 Largest Rectangle,00001,
p02472 Addition of Big Integers,00001,
1011_A. Stages,00001,greedy|implementation|sortings
1036_B. Diagonal Walking v.2,00001,math
1059_A. Cashier,00001,implementation
1080_C. Masha and two friends,00001,implementation
10_B. Cinema Cashier,00001,dp|implementation
1121_A. Technogoblet of Fire,00001,implementation|sortings
1148_C. Crazy Diamond,00001,constructive algorithms|sortings
1169_E. And Reachability,00001,bitmasks|dp
1187_G. Gang Up,00001,flows|graphs
1206_F. Almost All,00001,constructive algorithms|trees
1225_B1. TV Subscriptions (Easy Version),00001,implementation
1249_D1. Too Many Segments (easy version),00001,greedy
1267_L. Lexicography,00001,constructive algorithms|strings
1290_A. Mind Control,00001,brute force|data structures|implementation
1310_B. Double Elimination,00001,dp|implementation
1332_G. No Monotone Triples,00001,data structures
1353_C. Board Moves,00001,math
1373_B. 01 Game,00001,games
1396_A. Multiples of Length,00001,constructive algorithms|greedy|number theory
141_C. Queue,00001,constructive algorithms|greedy|sortings
1438_C. Engineer Artem,00001,2-sat|chinese remainder theorem|constructive algorithms|fft|flows
1463_B. Find The Array,00001,bitmasks|constructive algorithms|greedy
148_B. Escape,00001,implementation|math
1511_F. Chainword,00001,brute force|data structures|dp|matrices|string suffix structures|strings
1539_D. PriceFixed,00001,binary search|greedy|implementation|sortings|two pointers
166_A. Rank List,00001,binary search|implementation|sortings
187_B. AlgoRace,00001,dp|shortest paths
207_D9. The Beaver's Problem - 3,00001,
233_C. Cycles,00001,binary search|constructive algorithms|graphs|greedy
259_B. Little Elephant and Magic Square,00001,brute force|implementation
282_B. Painting Eggs,00001,greedy|math
305_A. Strange Addition,00001,brute force|constructive algorithms|implementation
331_A2. Oh Sweet Beaverette,00001,data structures|sortings
352_E. Jeff and Brackets,00001,dp|matrices
377_A. Maze,00001,dfs and similar
399_C. Cards,00001,constructive algorithms|implementation
421_D. Bug in Code,00001,binary search|data structures|sortings
448_B. Suffix Structures,00001,implementation|strings
46_C. Hamsters and Tigers,00001,two pointers
492_D. Vanya and Computer Game,00001,binary search|implementation|math|sortings
516_C. Drazil and Park,00001,data structures
543_C. Remembering Strings,00001,bitmasks|dp
56_E. Domino Principle,00001,binary search|data structures|sortings
591_C. Median Smoothing,00001,implementation
613_A. Peter and Snow Blower,00001,binary search|geometry|ternary search
633_A. Ebony and Ivory,00001,brute force|math|number theory
685_D. Kay and Eternity,00001,brute force|implementation|sortings
708_C. Centroids,00001,data structures|dfs and similar|dp|graphs|greedy|trees
750_F. New Year and Finding Roots,00001,constructive algorithms|implementation|interactive|trees
774_D. Lie or Truth,00001,*special|constructive algorithms|sortings
799_D. Field expansion,00001,brute force|dp|meet-in-the-middle
819_D. Mister B and Astronomers,00001,number theory
845_B. Luba And The Ticket,00001,brute force|greedy|implementation
865_D. Buy Low Sell High,00001,constructive algorithms|data structures|greedy
891_D. Sloth,00001,dfs and similar|dp|graph matchings|trees
913_G. Power Substring,00001,math|number theory
936_A. Save Energy!,00001,binary search|implementation|math
961_F. k-substrings,00001,binary search|hashing|string suffix structures
989_E. A Trance of Nightfall,00001,dp|geometry|matrices|probabilities
p02603 M-SOLUTIONS Programming Contest 2020 - Road to Millionaire,00001,
p02734 AtCoder Beginner Contest 159 - Knapsack for All Segments,00001,
p02868 NIKKEI Programming Contest 2019-2 - Shortest Path on a Line,00001,
p03003 AtCoder Beginner Contest 130 - Common Subsequence,00001,
p03143 NIKKEI Programming Contest 2019 - Weights on Vertices and Edges,00001,
p03287 AtCoder Beginner Contest 105 - Candy Distribution,00001,
p03443 AtCoder Petrozavodsk Contest 001 - Colorful Doors,00001,
p03603 AtCoder Regular Contest 083 - Bichrome Tree,00001,
p03762 AtCoder Beginner Contest 058 - ###,00001,
p03932 square869120Contest #3 - Souvenirs,00001,
p00025 Hit and Blow,00001,
p00156 Moats around the Castle,00001,
p00313 Secret Investigation,00001,
p00483 Planetary Exploration,00001,
p00669 K Cards,00001,
p00812 Equals are Equals,00001,
p00943 Routing a Marathon Race,00001,
p01076 Graph Making,00001,
p01210 Speed,00001,
p01346 Ropeway,00001,
p01516 Milky Way,00001,
p01684 Venn Diagram,00001,
p01828 M and A,00001,
p01963 Separate String,00001,
p02110 Settler,00001,
p02250 Multiple String Matching,00001,
p02398 How Many Divisors?,00001,
1016_C. Vasya And The Mushrooms,00001,dp|implementation
103_C. Russian Roulette,00001,constructive algorithms|greedy
1062_D. Fun with Integers,00001,dfs and similar|graphs|implementation|math
1084_C. The Fair Nut and String,00001,combinatorics|dp|implementation
1103_E. Radix sum,00001,fft|math|number theory
1131_E. String Multiplication,00001,dp|greedy|strings
1152_A. Neko Finds Grapes,00001,greedy|implementation|math
1173_E2. Nauuo and Pictures (hard version),00001,dp|probabilities
1191_C. Tokitsukaze and Discard Items,00001,implementation|two pointers
120_C. Winnie-the-Pooh and honey,00001,implementation|math
1230_A. Dawid and Bags of Candies,00001,brute force|implementation
1251_E1. Voting (Easy Version),00001,data structures|dp|greedy
1271_C. Shawarma Tent,00001,brute force|geometry|greedy|implementation
1294_D. MEX maximizing,00001,data structures|greedy|implementation|math
1315_D. Recommendations,00001,data structures|greedy|sortings
1336_F. Journey,00001,data structures|divide and conquer|graphs|trees
1359_D. Yet Another Yet Another Task,00001,data structures|dp|implementation|two pointers
1379_F1. Chess Strikes Back (easy version),00001,binary search|data structures
139_D. Digits Permutations,00001,greedy
1423_H. Virus,00001,data structures|divide and conquer|dsu|graphs
1443_A. Kids Seating,00001,constructive algorithms|math
1468_J. Road Reform,00001,dsu|graphs|greedy
1493_C. K-beautiful Strings,00001,binary search|brute force|constructive algorithms|greedy|strings
1515_I. Phoenix and Diamonds,00001,binary search|data structures|sortings
1543_B. Customising the Track,00001,combinatorics|greedy|math
171_C. A Piece of Cake,00001,*special|implementation
191_A. Dynasty Puzzles,00001,dp
215_A. Bicycle Chain,00001,brute force|implementation
239_A. Two Bags of Potatoes,00001,greedy|implementation|math
263_D. Cycle in Graph,00001,dfs and similar|graphs
287_D. Shifting,00001,implementation
312_D. Cats Transport,00001,data structures|dp
335_B. Palindrome,00001,constructive algorithms|dp
358_B. Dima and Text Messages,00001,brute force|strings
381_A. Sereja and Dima,00001,greedy|implementation|two pointers
401_E. Olympic Games,00001,math
42_A. Guilty — to the kitchen!,00001,greedy|implementation
451_D. Count Good Substrings,00001,math
474_C. Captain Marmot,00001,brute force|geometry
498_B. Name That Tune,00001,dp|probabilities|two pointers
521_C. Pluses everywhere,00001,combinatorics|dp|math|number theory
548_E. Mike and Foam,00001,bitmasks|combinatorics|dp|math|number theory
575_B. Bribes,00001,dfs and similar|graphs|trees
596_E. Wilbur and Strings,00001,dfs and similar|dp|graphs|strings
618_B. Guess the Permutation,00001,constructive algorithms
638_D. Three-dimensional Turtle Super Computer ,00001,brute force|dfs and similar|graphs
666_B. World Tour,00001,graphs|shortest paths
690_A1. Collective Mindsets (easy),00001,
712_D. Memory and Scores,00001,combinatorics|dp|math
733_C. Epidemic in Monstropolis,00001,constructive algorithms|dp|greedy|two pointers
757_D. Felicity's Big Secret Revealed,00001,bitmasks|dp
779_A. Pupils Redistribution,00001,constructive algorithms|math
802_I. Fake News (hard),00001,string suffix structures
825_E. Minimal Labels,00002,data structures|dfs and similar|graphs|greedy
848_C. Goodbye Souvenir,00002,data structures|divide and conquer
870_A. Search for Pretty Integers,00002,brute force|implementation
"896_E. Welcome home, Chtholly",00002,data structures|dsu
918_A. Eleven,00002,brute force|implementation
940_A. Points on the line,00002,brute force|greedy|sortings
967_D. Resource Distribution,00002,binary search|implementation|sortings
993_D. Compute Power,00002,binary search|dp|greedy
p02630 AtCoder Beginner Contest 171 - Replacing,00002,
p02761 AtCoder Beginner Contest 157 - Guess The Number,00002,
p02896 AtCoder Grand Contest 039 - Min Product Sum,00002,
p03031 AtCoder Beginner Contest 128 - Switches,00002,
p03172 Educational DP Contest - Candies,00002,
p03318 AtCoder Beginner Contest 101 - Snuke Numbers,00002,
p03474 AtCoder Beginner Contest 084 - Postal Code,00002,
p03637 AtCoder Beginner Contest 069 - 4-adjacent,00002,
p03794 Mujin Programming Challenge 2017 - Oriented Tree,00002,
p03963 AtCoder Beginner Contest 046 - Painting Balls with AtCoDeer,00002,
p00054 Sum of Nth decimal places,00002,
p00184 Tsuruga Castle,00002,
p00340 Rectangle,00002,
p00534 Silk Road,00002,
p00698 Missing Numbers,00002,
p00839 Organize Your Train,00002,
p00971 Shortest Common Non-Subsequence,00002,
p01103 A Garden with Ponds,00002,
p01240 Oil Company,00002,
p01402 Anipero,00002,
p01556 ConvexCut,00002,
p01711 Idempotent Filter,00002,
p01856 Typhoon,00002,
p01991 Namo.. Cut,00002,
p02137 Special Chat,00002,
p02278 Minimum Cost Sort,00002,
p02425 Bit Flag,00002,
1008_D. Pave the Parallelepiped,00002,bitmasks|brute force|combinatorics|math|number theory
1031_B. Curiosity Has No Limits,00002,
1054_B. Appending Mex,00002,implementation
1076_B. Divisor Subtraction,00002,implementation|math|number theory
1097_B. Petr and a Combination Lock,00002,bitmasks|brute force|dp
1118_C. Palindromic Matrix,00002,constructive algorithms|implementation
1144_F. Graph Without Long Directed Paths,00002,dfs and similar|graphs
1165_E. Two Arrays and Sum of Functions,00002,greedy|math|sortings
1184_D1. Parallel Universes (Easy),00002,implementation
1203_A. Circle of Students,00002,implementation
121_C. Lucky Permutation,00002,brute force|combinatorics|number theory
1244_G. Running in Pairs,00002,constructive algorithms|greedy|math
1264_D2. Beautiful Bracket Sequence (hard version),00002,combinatorics|probabilities
1286_A. Garland,00002,dp|greedy|sortings
1305_B. Kuroni and Simple Strings,00002,constructive algorithms|greedy|strings|two pointers
1329_D. Dreamoon Likes Strings,00002,constructive algorithms|data structures
1349_D. Slime and Biscuits,00002,math|probabilities
136_B. Ternary Logic,00002,implementation|math
1392_B. Omkar and Infinity Clock,00002,implementation|math
1416_D. Graph and Queries,00002,data structures|dsu|graphs|implementation|trees
1433_C. Dominant Piranha,00002,constructive algorithms|greedy
1458_B. Glass Half Spilled,00002,dp
1481_B. New Colony,00002,brute force|greedy|implementation
1508_C. Complete the MST,00002,bitmasks|brute force|data structures|dfs and similar|dsu|graphs|greedy|trees
1534_D. Lost Tree,00002,constructive algorithms|interactive|trees
181_B. Number of Triplets,00002,binary search|brute force
204_D. Little Elephant and Retro Strings,00002,dp
229_C. Triangles,00002,combinatorics|graphs|math
253_A. Boys and Girls,00002,greedy
278_B. New Problem,00002,brute force|strings
300_A. Array,00002,brute force|constructive algorithms|implementation
325_D. Reclamation,00002,dsu
348_E. Pilgrims,00002,dfs and similar|dp|trees
372_A. Counting Kangaroos is Fun,00002,binary search|greedy|sortings|two pointers
393_C. Blocked Points,00002,math
416_D. Population Size,00002,greedy|implementation|math
443_B. Kolya and Tandem Repeat,00002,brute force|implementation|strings
465_C. No to Palindromes!,00002,greedy|strings
489_B. BerSU Ball,00002,dfs and similar|dp|graph matchings|greedy|sortings|two pointers
513_A. Game,00002,constructive algorithms|math
538_B. Quasi Binary,00002,constructive algorithms|dp|greedy|implementation
566_C. Logistical Questions,00002,dfs and similar|divide and conquer|trees
587_D. Duff in Mafia,00002,2-sat|binary search
609_F. Frogs and mosquitoes,00002,data structures|greedy
630_E. A rectangle,00002,math
658_B. Bear and Displayed Friends,00002,implementation
680_D. Bear and Tower of Cubes,00002,binary search|dp|greedy
703_C. Chris and Road,00002,geometry|implementation
725_C. Hidden Word,00002,brute force|constructive algorithms|implementation|strings
747_C. Servers,00002,implementation
76_F. Tourist,00002,binary search|data structures|dp
794_C. Naming Company,00002,games|greedy|sortings
815_B. Karen and Test,00002,brute force|combinatorics|constructive algorithms|math
840_B. Leha and another game about graph,00002,constructive algorithms|data structures|dfs and similar|dp|graphs
860_C. Tests Renumeration,00002,greedy|implementation
887_B. Cubes for Masha,00002,brute force|implementation
90_B. African Crossword,00002,implementation|strings
931_E. Game with String,00002,implementation|probabilities|strings
958_F3. Lightsabers (hard),00002,fft
985_E. Pencils and Boxes,00002,binary search|data structures|dp|greedy|two pointers
p02578 AtCoder Beginner Contest 176 - Step,00002,
p02709 AtCoder Beginner Contest 163 - Active Infants,00002,
p02838 AtCoder Beginner Contest 147 - Xor Sum 4,00002,
p02975 AtCoder Grand Contest 035 - XOR Circle,00002,
p03111 AtCoder Beginner Contest 119 - Synthetic Kadomatsu,00002,
p03258 AtCoder Grand Contest 027 - ABBreviate,00002,
p03414 AtCoder Regular Contest 092 - Two Faced Edges,00002,
p03574 AtCoder Beginner Contest 075 - Minesweeper,00002,
p03729 AtCoder Beginner Contest 060 - Shiritori,00002,
p03893 CODE FESTIVAL 2016 Relay (Parallel) - Trichotomy,00002,
p04052 AtCoder Grand Contest 001 - Wide Swap,00002,
p00131 Doctor's Strange Particles,00002,
p00264 East Wind,00002,
p00451 Common Sub-String,00002,
p00642 Ben Toh,00002,
p00786 BUT We Need a Diagram,00002,
p00918 Dragon's Cruller,00002,
p01051 Squid Ink,00002,
p01183 Tetrahedra,00002,
p01320 Magical Island 2,00002,
p01488 TransferTrain,00002,
p01650 Stack Maze,00002,
p01801 Wall Making Game,00002,
p01935 Protect from the enemy attack,00002,
p02074 N-by-M grid calculation,00002,
p02216 Array Game,00002,
p02369 Cycle Detection for a Directed Graph,00002,
1000_C. Covered Points Count,00002,data structures|implementation|sortings
1025_D. Recovering BST,00002,brute force|dp|math|number theory|trees
1045_F. Shady Lady,00002,geometry|math
1068_F. Knights,00002,constructive algorithms
1090_J. Two Prefixes,00002,strings
110_B. Lucky String,00002,constructive algorithms|strings
1139_E. Maximize Mex,00002,flows|graph matchings|graphs
1157_E. Minimum Array,00002,binary search|data structures|greedy
117_B. Very Interesting Game,00002,brute force|number theory
1198_C. Matching vs Independent Set,00002,constructive algorithms|graphs|greedy|sortings
1215_B. The Number of Products,00002,combinatorics|dp|implementation
1238_D. AB-string,00002,binary search|combinatorics|dp|strings
1256_E. Yet Another Division Into Teams,00002,dp|greedy|sortings
127_E. E-reader Display,00002,constructive algorithms|greedy
12_D. Ball,00002,data structures|sortings
1323_F. Reality Show,00002,bitmasks|dp
1342_E. Placing Rooks,00002,combinatorics|fft|math
1364_E. X-OR,00002,bitmasks|constructive algorithms|divide and conquer|interactive|probabilities
1384_F. Rearrange,00002,brute force|constructive algorithms|graphs|greedy|sortings
1406_C. Link Cut Centroids,00002,constructive algorithms|dfs and similar|graphs|trees
1427_D. Unshuffling a Deck,00002,constructive algorithms|implementation
1450_D. Rating Compression,00002,binary search|data structures|greedy|implementation|two pointers
1474_B. Different Divisors,00002,binary search|constructive algorithms|greedy|math|number theory
149_D. Coloring Brackets,00002,dp
1523_D. Love-Hate,00002,bitmasks|brute force|dp|probabilities
155_C. Hometask,00002,greedy
177_D1. Encrypting Messages,00002,brute force
198_D. Cube Snake,00002,constructive algorithms
221_E. Little Elephant and Shifts,00002,data structures
245_F. Log Stream Analysis,00002,binary search|brute force|implementation|strings
270_D. Greenhouse Effect,00002,dp
294_A. Shaass and Oskols,00002,implementation|math
317_D. Game with Powers,00002,dp|games
341_D. Iahub and Xors,00002,data structures
365_A. Good Number,00002,implementation
388_E. Fox and Meteor Shower,00002,geometry
409_C. Magnum Opus,00002,*special
436_D. Pudding Monsters,00002,dp
459_E. Pashmak and Graph,00002,dp|sortings
480_D. Parcels,00002,dp|graphs
505_D. Mr. Kitayuta's Technology,00002,dfs and similar
529_C. Rooks and Rectangles,00002,data structures|sortings
554_E. Love Triangles,00002,dfs and similar|dsu|graphs
580_D. Kefa and Dishes,00002,bitmasks|dp
602_C. The Two Routes,00002,graphs|shortest paths
625_A. Guest From the Past,00002,implementation|math
673_C. Bear and Colors,00002,implementation
698_D. Limak and Shooting Points,00002,brute force|geometry|math
719_E. Sasha and Array,00002,data structures|math|matrices
740_B. Alyona and flowers,00002,constructive algorithms
764_A. Taymyr is calling you,00002,brute force|implementation|math
787_C. Berzerk,00002,dfs and similar|dp|games
808_G. Anthem of Berland,00002,dp|strings
833_C. Ever-Hungry Krakozyabra,00002,brute force|combinatorics|greedy|math
854_A. Fraction,00002,brute force|constructive algorithms|math
878_D. Magic Breeding,00002,bitmasks
902_A. Visiting a Friend,00002,greedy|implementation
924_C. Riverside Curio,00002,data structures|dp|greedy
952_E. Cheese Board,00002,
97_B. Superset,00002,constructive algorithms|divide and conquer
99_B. Help Chef Gerasim,00002,implementation|sortings
p02539 ACL Beginner Contest - Heights and Pairs,00002,
p02670 AtCoder Grand Contest 044 - Joker,00002,
p02799 Keyence Programming Contest 2020 - Bichromization,00002,
p02935 AtCoder Beginner Contest 138 - Alchemist,00002,
p03072 AtCoder Beginner Contest 124 - Great Ocean View,00002,
p03214 Dwango Programming Contest V - Thumbnail,00002,
p03363 AtCoder Grand Contest 023 - Zero-Sum Ranges,00002,
p03521 CODE FESTIVAL 2017 Exhibition (Parallel) - Awkward,00002,
p03686 AtCoder Regular Contest 076 - Exhausted?,00002,
p03839 AtCoder Grand Contest 008 - Contiguous Repainting,00002,
p04006 AtCoder Grand Contest 004 - Colorful Slimes,00002,
p00092 Square Searching,00002,
p00224 Bicycle Diet,00002,
p00386 Gathering,00002,
p00602 Fibonacci Sets,00002,
p00738 Roll-A-Big-Ball,00002,
p00878 Origami Through-Hole,00002,
p01009 Room of Time and Spirit,00002,
p01141 Lifeguard in the Pool,00002,
p01280 Galaxy Wide Web Service,00002,
p01450 My friends are small,00002,
p01600 Tree Construction,00002,
p01756 Longest Match,00002,
p01896 Folding Paper,00002,
p02033 Arrow,00002,
p02176 Shortest Crypt,00002,
p02319 0-1 Knapsack Problem II,00002,
p02464 Set Intersection,00002,
1000_A. Codehorses T-shirts,00002,greedy|implementation
1025_B. Weakened Common Divisor,00002,brute force|greedy|number theory
1045_D. Interstellar battle,00002,math|probabilities|trees
1068_D. Array Without Local Maximums ,00002,dp
1090_C. New Year Presents,00002,constructive algorithms|data structures
1109_F. Sasha and Algorithm of Silence's Sounds,00002,data structures|trees
1139_C. Edgy Trees,00002,dfs and similar|dsu|graphs|math|trees
1157_C2. Increasing Subsequence (hard version),00002,greedy
1179_E. Alesya and Discrete Math,00002,divide and conquer|interactive
1198_A. MP3,00002,sortings|two pointers
1214_H. Tiles Placement,00002,constructive algorithms|dfs and similar|trees
1238_B. Kill 'Em All,00002,greedy|sortings
1256_C. Platforms Jumping,00002,greedy
127_C. Hot Bath,00002,binary search|brute force|math
12_B. Correct Solution?,00002,implementation|sortings
1323_D. Present,00002,binary search|bitmasks|constructive algorithms|data structures|math|sortings
1342_C. Yet Another Counting Problem,00002,math|number theory
1364_C. Ehab and Prefix MEXs,00002,brute force|constructive algorithms|greedy
1384_D. GameGame,00002,bitmasks|constructive algorithms|dp|games|greedy|math
1406_A. Subset Mex,00002,greedy|implementation|math
1427_B. Chess Cheater,00002,greedy|implementation|sortings
1450_B. Balls of Steel,00002,brute force|geometry|greedy
1473_G. Tiles,00002,combinatorics|dp|fft|math
149_B. Martian Clock,00002,implementation
1523_B. Lord of the Values,00002,constructive algorithms
155_A. I_love_%username%,00002,brute force
177_C1. Party,00002,dfs and similar|dsu|graphs
198_B. Jumping on Walls,00002,shortest paths
221_C. Little Elephant and Problem,00002,implementation|sortings
245_D. Restoring Table,00002,constructive algorithms|greedy
270_B. Multithreading,00002,data structures|greedy|implementation
293_D. Ksusha and Square,00002,geometry|math|probabilities|two pointers
317_B. Ants,00002,brute force|implementation
341_B. Bubble Sort Graph,00002,binary search|data structures|dp
364_D. Ghd,00002,brute force|math|probabilities
388_C. Fox and Card Game,00002,games|greedy|sortings
409_A. The Great Game,00002,*special
436_B. Om Nom and Spiders,00002,implementation|math
459_C. Pashmak and Buses,00002,combinatorics|constructive algorithms|math
480_B. Long Jumps,00002,binary search|greedy|implementation
505_B. Mr. Kitayuta's Colorful Graph,00002,dfs and similar|dp|dsu|graphs
529_A. And Yet Another Bracket Sequence,00002,data structures|greedy|hashing|string suffix structures|strings
554_C. Kyoya and Colored Balls,00002,combinatorics|dp|math
580_B. Kefa and Company,00002,binary search|sortings|two pointers
602_A. Two Bases,00002,brute force|implementation
624_D. Array GCD,00002,dp|greedy|number theory
673_A. Bear and Game,00002,implementation
698_B. Fix a Tree,00002,constructive algorithms|dfs and similar|dsu|graphs|trees
719_B. Anatoly and Cockroaches,00002,greedy
73_F. Plane of Tanks,00002,brute force|geometry
763_D. Timofey and a flat tree,00002,data structures|graphs|hashing|shortest paths|trees
787_A. The Monster,00002,brute force|math|number theory
808_E. Selling Souvenirs,00002,binary search|dp|greedy|ternary search
833_A. The Meaningless Game,00002,math|number theory
853_D. Michael and Charging Stations,00002,binary search|dp|greedy
878_B. Teams Formation,00002,data structures|implementation
901_D. Weighting a Tree,00002,constructive algorithms|dfs and similar|graphs
924_A. Mystical Mosaic,00002,greedy|implementation
952_C. Ravioli Sort,00002,implementation
979_E. Kuro and Topological Parity,00002,dp
999_F. Cards and Joy,00002,dp
p02537 ACL Beginner Contest - Flat Subsequence,00002,
p02668 NOMURA Programming Competition 2020 - Sorting Game,00002,
p02797 Keyence Programming Contest 2020 - Subarray Sum,00002,
p02933 AtCoder Beginner Contest 138 - Red or Not,00002,
p03069 Tenka1 Programmer Beginner Contest 2019 - Stones,00002,
p03212 AtCoder Beginner Contest 114 - 755,00002,
p03361 AtCoder Beginner Contest 096 - Grid Repainting 2,00002,
p03519 CODE FESTIVAL 2017 Elimination Tournament Round 1 (Parallel) - Paired Parentheses,00002,
p03684 AtCoder Regular Contest 076 - Built?,00002,
p03837 AtCoder Beginner Contest 051 - Candidates of No Shortest Paths,00002,
p04004 AtCoder Regular Contest 061 - Card Game for Three,00002,
